season,season_type,game_type,week,espn_week,game_id,espn_game_id,gameday,game_date,gametime,kickoff,kickoff_utc,home_team,away_team,home_team_name,away_team_name,home_score,away_score,completed,status,status_detail,neutral_site,venue,roof,surface,spread_line,total_line,home_moneyline,away_moneyline,source,ingested_at
2026,2,REG,1,1,2026_01_NE_SEA,401872656,2026-09-10,2026-09-10,00:20Z,2026-09-10T00:20:00Z,2026-09-10T00:20:00Z,SEA,NE,Seattle Seahawks,New England Patriots,,,False,STATUS_SCHEDULED,"Wed, September 9th at 8:20 PM EDT",False,Lumen Field,,,-3.5,44.5,,,espn_site_scoreboard,2026-05-31T12:34:19.573749+00:00
2026,2,REG,1,1,2026_01_SF_LAR,401872657,2026-09-11,2026-09-11,00:35Z,2026-09-11T00:35:00Z,2026-09-11T00:35:00Z,LAR,SF,Los Angeles Rams,San Francisco 49ers,,,False,STATUS_SCHEDULED,"Thu, September 10th at 8:35 PM EDT",True,Melbourne Cricket Ground,,,-2.5,48.5,,,espn_site_scoreboard,2026-05-31T12:34:19.573749+00:00
2026,2,REG,1,1,2026_01_ATL_PIT,401872658,2026-09-13,2026-09-13,17:00Z,2026-09-13T17:00:00Z,2026-09-13T17:00:00Z,PIT,ATL,Pittsburgh Steelers,Atlanta Falcons,,,False,STATUS_SCHEDULED,"Sun, September 13th at 1:00 PM EDT",False,Acrisure Stadium,,,-3.0,42.5,,,espn_site_scoreboard,2026-05-31T12:34:19.573749+00:00
2026,2,REG,1,1,2026_01_BAL_IND,401872659,2026-09-13,2026-09-13,17:00Z,2026-09-13T17:00:00Z,2026-09-13T17:00:00Z,IND,BAL,Indianapolis Colts,Baltimore Ravens,,,False,STATUS_SCHEDULED,"Sun, September 13th at 1:00 PM EDT",False,Lucas Oil Stadium,,,3.5,49.5,,,espn_site_scoreboard,2026-05-31T12:34:19.573749+00:00
2026,2,REG,1,1,2026_01_BUF_HOU,401872660,2026-09-13,2026-09-13,17:00Z,2026-09-13T17:00:00Z,2026-09-13T17:00:00Z,HOU,BUF,Houston Texans,Buffalo Bills,,,False,STATUS_SCHEDULED,"Sun, September 13th at 1:00 PM EDT",False,NRG Stadium,,,1.5,45.5,,,espn_site_scoreboard,2026-05-31T12:34:19.573749+00:00
2026,2,REG,1,1,2026_01_CHI_CAR,401872661,2026-09-13,2026-09-13,17:00Z,2026-09-13T17:00:00Z,2026-09-13T17:00:00Z,CAR,CHI,Carolina Panthers,Chicago Bears,,,False,STATUS_SCHEDULED,"Sun, September 13th at 1:00 PM EDT",False,Bank of America Stadium,,,2.5,44.5,,,espn_site_scoreboard,2026-05-31T12:34:19.573749+00:00
2026,2,REG,1,1,2026_01_CLE_JAX,401872922,2026-09-13,2026-09-13,17:00Z,2026-09-13T17:00:00Z,2026-09-13T17:00:00Z,JAX,CLE,Jacksonville Jaguars,Cleveland Browns,,,False,STATUS_SCHEDULED,"Sun, September 13th at 1:00 PM EDT",False,EverBank Stadium,,,-7.0,40.5,,,espn_site_scoreboard,2026-05-31T12:34:19.573749+00:00
2026,2,REG,1,1,2026_01_NO_DET,401872923,2026-09-13,2026-09-13,17:00Z,2026-09-13T17:00:00Z,2026-09-13T17:00:00Z,DET,NO,Detroit Lions,New Orleans Saints,,,False,STATUS_SCHEDULED,"Sun, September 13th at 1:00 PM EDT",False,Ford Field,,,-7.0,48.5,,,espn_site_scoreboard,2026-05-31T12:34:19.573749+00:00
2026,2,REG,1,1,2026_01_NYJ_TEN,401872924,2026-09-13,2026-09-13,17:00Z,2026-09-13T17:00:00Z,2026-09-13T17:00:00Z,TEN,NYJ,Tennessee Titans,New York Jets,,,False,STATUS_SCHEDULED,"Sun, September 13th at 1:00 PM EDT",False,Nissan Stadium,,,-3.0,39.5,,,espn_site_scoreboard,2026-05-31T12:34:19.573749+00:00
2026,2,REG,1,1,2026_01_TB_CIN,401872925,2026-09-13,2026-09-13,17:00Z,2026-09-13T17:00:00Z,2026-09-13T17:00:00Z,CIN,TB,Cincinnati Bengals,Tampa Bay Buccaneers,,,False,STATUS_SCHEDULED,"Sun, September 13th at 1:00 PM EDT",False,Paycor Stadium,,,-3.5,50.5,,,espn_site_scoreboard,2026-05-31T12:34:19.573749+00:00
2026,2,REG,1,1,2026_01_ARI_LAC,401872926,2026-09-13,2026-09-13,20:25Z,2026-09-13T20:25:00Z,2026-09-13T20:25:00Z,LAC,ARI,Los Angeles Chargers,Arizona Cardinals,,,False,STATUS_SCHEDULED,"Sun, September 13th at 4:25 PM EDT",False,SoFi Stadium,,,-11.5,45.5,,,espn_site_scoreboard,2026-05-31T12:34:19.573749+00:00
2026,2,REG,1,1,2026_01_GB_MIN,401872927,2026-09-13,2026-09-13,20:25Z,2026-09-13T20:25:00Z,2026-09-13T20:25:00Z,MIN,GB,Minnesota Vikings,Green Bay Packers,,,False,STATUS_SCHEDULED,"Sun, September 13th at 4:25 PM EDT",False,U.S. Bank Stadium,,,1.5,44.5,,,espn_site_scoreboard,2026-05-31T12:34:19.573749+00:00
2026,2,REG,1,1,2026_01_MIA_LV,401872928,2026-09-13,2026-09-13,20:25Z,2026-09-13T20:25:00Z,2026-09-13T20:25:00Z,LV,MIA,Las Vegas Raiders,Miami Dolphins,,,False,STATUS_SCHEDULED,"Sun, September 13th at 4:25 PM EDT",False,Allegiant Stadium,,,-3.0,41.5,,,espn_site_scoreboard,2026-05-31T12:34:19.573749+00:00
2026,2,REG,1,1,2026_01_WAS_PHI,401872929,2026-09-13,2026-09-13,20:25Z,2026-09-13T20:25:00Z,2026-09-13T20:25:00Z,PHI,WAS,Philadelphia Eagles,Washington Commanders,,,False,STATUS_SCHEDULED,"Sun, September 13th at 4:25 PM EDT",False,Lincoln Financial Field,,,-5.5,46.5,,,espn_site_scoreboard,2026-05-31T12:34:19.573749+00:00
2026,2,REG,1,1,2026_01_DAL_NYG,401872930,2026-09-14,2026-09-14,00:20Z,2026-09-14T00:20:00Z,2026-09-14T00:20:00Z,NYG,DAL,New York Giants,Dallas Cowboys,,,False,STATUS_SCHEDULED,"Sun, September 13th at 8:20 PM EDT",False,MetLife Stadium,,,2.5,48.5,,,espn_site_scoreboard,2026-05-31T12:34:19.573749+00:00
2026,2,REG,1,1,2026_01_DEN_KC,401872931,2026-09-15,2026-09-15,00:15Z,2026-09-15T00:15:00Z,2026-09-15T00:15:00Z,KC,DEN,Kansas City Chiefs,Denver Broncos,,,False,STATUS_SCHEDULED,"Mon, September 14th at 8:15 PM EDT",False,GEHA Field at Arrowhead Stadium,,,-2.5,42.5,,,espn_site_scoreboard,2026-05-31T12:34:19.574752+00:00
2026,2,REG,2,2,2026_02_DET_BUF,401872932,2026-09-18,2026-09-18,00:15Z,2026-09-18T00:15:00Z,2026-09-18T00:15:00Z,BUF,DET,Buffalo Bills,Detroit Lions,,,False,STATUS_SCHEDULED,"Thu, September 17th at 8:15 PM EDT",False,Highmark Stadium,,,-3.0,52.5,,,espn_site_scoreboard,2026-05-31T12:34:20.328071+00:00
2026,2,REG,2,2,2026_02_CAR_ATL,401872933,2026-09-20,2026-09-20,17:00Z,2026-09-20T17:00:00Z,2026-09-20T17:00:00Z,ATL,CAR,Atlanta Falcons,Carolina Panthers,,,False,STATUS_SCHEDULED,"Sun, September 20th at 1:00 PM EDT",False,Mercedes-Benz Stadium,,,-1.5,43.5,,,espn_site_scoreboard,2026-05-31T12:34:20.328071+00:00
2026,2,REG,2,2,2026_02_CIN_HOU,401872934,2026-09-20,2026-09-20,17:00Z,2026-09-20T17:00:00Z,2026-09-20T17:00:00Z,HOU,CIN,Houston Texans,Cincinnati Bengals,,,False,STATUS_SCHEDULED,"Sun, September 20th at 1:00 PM EDT",False,NRG Stadium,,,-2.5,46.5,,,espn_site_scoreboard,2026-05-31T12:34:20.328071+00:00
2026,2,REG,2,2,2026_02_CLE_TB,401872935,2026-09-20,2026-09-20,17:00Z,2026-09-20T17:00:00Z,2026-09-20T17:00:00Z,TB,CLE,Tampa Bay Buccaneers,Cleveland Browns,,,False,STATUS_SCHEDULED,"Sun, September 20th at 1:00 PM EDT",False,Raymond James Stadium,,,-5.5,41.5,,,espn_site_scoreboard,2026-05-31T12:34:20.328071+00:00
2026,2,REG,2,2,2026_02_GB_NYJ,401872936,2026-09-20,2026-09-20,17:00Z,2026-09-20T17:00:00Z,2026-09-20T17:00:00Z,NYJ,GB,New York Jets,Green Bay Packers,,,False,STATUS_SCHEDULED,"Sun, September 20th at 1:00 PM EDT",False,MetLife Stadium,,,6.5,42.5,,,espn_site_scoreboard,2026-05-31T12:34:20.328071+00:00
2026,2,REG,2,2,2026_02_MIN_CHI,401872937,2026-09-20,2026-09-20,17:00Z,2026-09-20T17:00:00Z,2026-09-20T17:00:00Z,CHI,MIN,Chicago Bears,Minnesota Vikings,,,False,STATUS_SCHEDULED,"Sun, September 20th at 1:00 PM EDT",False,Soldier Field,,,-3.5,45.5,,,espn_site_scoreboard,2026-05-31T12:34:20.328071+00:00
2026,2,REG,2,2,2026_02_NO_BAL,401872938,2026-09-20,2026-09-20,17:00Z,2026-09-20T17:00:00Z,2026-09-20T17:00:00Z,BAL,NO,Baltimore Ravens,New Orleans Saints,,,False,STATUS_SCHEDULED,"Sun, September 20th at 1:00 PM EDT",False,M&T Bank Stadium,,,-7.5,46.5,,,espn_site_scoreboard,2026-05-31T12:34:20.328071+00:00
2026,2,REG,2,2,2026_02_PHI_TEN,401872939,2026-09-20,2026-09-20,17:00Z,2026-09-20T17:00:00Z,2026-09-20T17:00:00Z,TEN,PHI,Tennessee Titans,Philadelphia Eagles,,,False,STATUS_SCHEDULED,"Sun, September 20th at 1:00 PM EDT",False,Nissan Stadium,,,4.5,42.5,,,espn_site_scoreboard,2026-05-31T12:34:20.328071+00:00
2026,2,REG,2,2,2026_02_PIT_NE,401872946,2026-09-20,2026-09-20,17:00Z,2026-09-20T17:00:00Z,2026-09-20T17:00:00Z,NE,PIT,New England Patriots,Pittsburgh Steelers,,,False,STATUS_SCHEDULED,"Sun, September 20th at 1:00 PM EDT",False,Gillette Stadium,,,-4.5,43.5,,,espn_site_scoreboard,2026-05-31T12:34:20.328071+00:00
2026,2,REG,2,2,2026_02_JAX_DEN,401872940,2026-09-20,2026-09-20,20:05Z,2026-09-20T20:05:00Z,2026-09-20T20:05:00Z,DEN,JAX,Denver Broncos,Jacksonville Jaguars,,,False,STATUS_SCHEDULED,"Sun, September 20th at 4:05 PM EDT",False,Empower Field at Mile High,,,-3.0,43.5,,,espn_site_scoreboard,2026-05-31T12:34:20.328071+00:00
2026,2,REG,2,2,2026_02_LV_LAC,401872941,2026-09-20,2026-09-20,20:05Z,2026-09-20T20:05:00Z,2026-09-20T20:05:00Z,LAC,LV,Los Angeles Chargers,Las Vegas Raiders,,,False,STATUS_SCHEDULED,"Sun, September 20th at 4:05 PM EDT",False,SoFi Stadium,,,-8.5,42.5,,,espn_site_scoreboard,2026-05-31T12:34:20.328071+00:00
2026,2,REG,2,2,2026_02_MIA_SF,401872942,2026-09-20,2026-09-20,20:25Z,2026-09-20T20:25:00Z,2026-09-20T20:25:00Z,SF,MIA,San Francisco 49ers,Miami Dolphins,,,False,STATUS_SCHEDULED,"Sun, September 20th at 4:25 PM EDT",False,Levi's Stadium,,,-10.5,46.5,,,espn_site_scoreboard,2026-05-31T12:34:20.328071+00:00
2026,2,REG,2,2,2026_02_SEA_ARI,401872943,2026-09-20,2026-09-20,20:25Z,2026-09-20T20:25:00Z,2026-09-20T20:25:00Z,ARI,SEA,Arizona Cardinals,Seattle Seahawks,,,False,STATUS_SCHEDULED,"Sun, September 20th at 4:25 PM EDT",False,State Farm Stadium,,,10.0,44.5,,,espn_site_scoreboard,2026-05-31T12:34:20.328071+00:00
2026,2,REG,2,2,2026_02_WAS_DAL,401872944,2026-09-20,2026-09-20,20:25Z,2026-09-20T20:25:00Z,2026-09-20T20:25:00Z,DAL,WAS,Dallas Cowboys,Washington Commanders,,,False,STATUS_SCHEDULED,"Sun, September 20th at 4:25 PM EDT",False,AT&T Stadium,,,-4.5,51.5,,,espn_site_scoreboard,2026-05-31T12:34:20.328071+00:00
2026,2,REG,2,2,2026_02_IND_KC,401872945,2026-09-21,2026-09-21,00:20Z,2026-09-21T00:20:00Z,2026-09-21T00:20:00Z,KC,IND,Kansas City Chiefs,Indianapolis Colts,,,False,STATUS_SCHEDULED,"Sun, September 20th at 8:20 PM EDT",False,GEHA Field at Arrowhead Stadium,,,-5.5,47.5,,,espn_site_scoreboard,2026-05-31T12:34:20.329078+00:00
2026,2,REG,2,2,2026_02_NYG_LAR,401872947,2026-09-22,2026-09-22,00:15Z,2026-09-22T00:15:00Z,2026-09-22T00:15:00Z,LAR,NYG,Los Angeles Rams,New York Giants,,,False,STATUS_SCHEDULED,"Mon, September 21st at 8:15 PM EDT",False,SoFi Stadium,,,-8.5,47.5,,,espn_site_scoreboard,2026-05-31T12:34:20.329078+00:00
2026,2,REG,3,3,2026_03_ATL_GB,401872948,2026-09-25,2026-09-25,00:15Z,2026-09-25T00:15:00Z,2026-09-25T00:15:00Z,GB,ATL,Green Bay Packers,Atlanta Falcons,,,False,STATUS_SCHEDULED,"Thu, September 24th at 8:15 PM EDT",False,Lambeau Field,,,-7.5,46.5,,,espn_site_scoreboard,2026-05-31T12:34:20.968689+00:00
2026,2,REG,3,3,2026_03_CAR_CLE,401872949,2026-09-27,2026-09-27,17:00Z,2026-09-27T17:00:00Z,2026-09-27T17:00:00Z,CLE,CAR,Cleveland Browns,Carolina Panthers,,,False,STATUS_SCHEDULED,"Sun, September 27th at 1:00 PM EDT",False,Huntington Bank Field,,,1.5,39.5,,,espn_site_scoreboard,2026-05-31T12:34:20.968689+00:00
2026,2,REG,3,3,2026_03_CIN_PIT,401872950,2026-09-27,2026-09-27,17:00Z,2026-09-27T17:00:00Z,2026-09-27T17:00:00Z,PIT,CIN,Pittsburgh Steelers,Cincinnati Bengals,,,False,STATUS_SCHEDULED,"Sun, September 27th at 1:00 PM EDT",False,Acrisure Stadium,,,1.5,47.5,,,espn_site_scoreboard,2026-05-31T12:34:20.968689+00:00
2026,2,REG,3,3,2026_03_HOU_IND,401872951,2026-09-27,2026-09-27,17:00Z,2026-09-27T17:00:00Z,2026-09-27T17:00:00Z,IND,HOU,Indianapolis Colts,Houston Texans,,,False,STATUS_SCHEDULED,"Sun, September 27th at 1:00 PM EDT",False,Lucas Oil Stadium,,,1.5,45.5,,,espn_site_scoreboard,2026-05-31T12:34:20.968689+00:00
2026,2,REG,3,3,2026_03_KC_MIA,401872952,2026-09-27,2026-09-27,17:00Z,2026-09-27T17:00:00Z,2026-09-27T17:00:00Z,MIA,KC,Miami Dolphins,Kansas City Chiefs,,,False,STATUS_SCHEDULED,"Sun, September 27th at 1:00 PM EDT",False,Hard Rock Stadium,,,7.0,44.5,,,espn_site_scoreboard,2026-05-31T12:34:20.968689+00:00
2026,2,REG,3,3,2026_03_LAC_BUF,401872953,2026-09-27,2026-09-27,17:00Z,2026-09-27T17:00:00Z,2026-09-27T17:00:00Z,BUF,LAC,Buffalo Bills,Los Angeles Chargers,,,False,STATUS_SCHEDULED,"Sun, September 27th at 1:00 PM EDT",False,Highmark Stadium,,,-2.5,48.5,,,espn_site_scoreboard,2026-05-31T12:34:20.968689+00:00
2026,2,REG,3,3,2026_03_NE_JAX,401872957,2026-09-27,2026-09-27,17:00Z,2026-09-27T17:00:00Z,2026-09-27T17:00:00Z,JAX,NE,Jacksonville Jaguars,New England Patriots,,,False,STATUS_SCHEDULED,"Sun, September 27th at 1:00 PM EDT",False,EverBank Stadium,,,-1.5,45.5,,,espn_site_scoreboard,2026-05-31T12:34:20.970191+00:00
2026,2,REG,3,3,2026_03_NYJ_DET,401872954,2026-09-27,2026-09-27,17:00Z,2026-09-27T17:00:00Z,2026-09-27T17:00:00Z,DET,NYJ,Detroit Lions,New York Jets,,,False,STATUS_SCHEDULED,"Sun, September 27th at 1:00 PM EDT",False,Ford Field,,,-9.5,45.5,,,espn_site_scoreboard,2026-05-31T12:34:20.968689+00:00
2026,2,REG,3,3,2026_03_SEA_WAS,401872955,2026-09-27,2026-09-27,17:00Z,2026-09-27T17:00:00Z,2026-09-27T17:00:00Z,WAS,SEA,Washington Commanders,Seattle Seahawks,,,False,STATUS_SCHEDULED,"Sun, September 27th at 1:00 PM EDT",False,Northwest Stadium,,,3.5,46.5,,,espn_site_scoreboard,2026-05-31T12:34:20.968689+00:00
2026,2,REG,3,3,2026_03_TEN_NYG,401872956,2026-09-27,2026-09-27,17:00Z,2026-09-27T17:00:00Z,2026-09-27T17:00:00Z,NYG,TEN,New York Giants,Tennessee Titans,,,False,STATUS_SCHEDULED,"Sun, September 27th at 1:00 PM EDT",False,MetLife Stadium,,,-3.0,45.5,,,espn_site_scoreboard,2026-05-31T12:34:20.968689+00:00
2026,2,REG,3,3,2026_03_ARI_SF,401872958,2026-09-27,2026-09-27,20:05Z,2026-09-27T20:05:00Z,2026-09-27T20:05:00Z,SF,ARI,San Francisco 49ers,Arizona Cardinals,,,False,STATUS_SCHEDULED,"Sun, September 27th at 4:05 PM EDT",False,Levi's Stadium,,,-11.5,46.5,,,espn_site_scoreboard,2026-05-31T12:34:20.970191+00:00
2026,2,REG,3,3,2026_03_MIN_TB,401872959,2026-09-27,2026-09-27,20:05Z,2026-09-27T20:05:00Z,2026-09-27T20:05:00Z,TB,MIN,Tampa Bay Buccaneers,Minnesota Vikings,,,False,STATUS_SCHEDULED,"Sun, September 27th at 4:05 PM EDT",False,Raymond James Stadium,,,-1.5,44.5,,,espn_site_scoreboard,2026-05-31T12:34:20.970240+00:00
2026,2,REG,3,3,2026_03_BAL_DAL,401872960,2026-09-27,2026-09-27,20:25Z,2026-09-27T20:25:00Z,2026-09-27T20:25:00Z,DAL,BAL,Dallas Cowboys,Baltimore Ravens,,,False,STATUS_SCHEDULED,"Sun, September 27th at 4:25 PM EDT",True,Maracanã Stadium,,,2.5,51.5,,,espn_site_scoreboard,2026-05-31T12:34:20.970240+00:00
2026,2,REG,3,3,2026_03_LV_NO,401872961,2026-09-27,2026-09-27,20:25Z,2026-09-27T20:25:00Z,2026-09-27T20:25:00Z,NO,LV,New Orleans Saints,Las Vegas Raiders,,,False,STATUS_SCHEDULED,"Sun, September 27th at 4:25 PM EDT",False,Caesars Superdome,,,-3.0,42.5,,,espn_site_scoreboard,2026-05-31T12:34:20.970240+00:00
2026,2,REG,3,3,2026_03_LAR_DEN,401872962,2026-09-28,2026-09-28,00:20Z,2026-09-28T00:20:00Z,2026-09-28T00:20:00Z,DEN,LAR,Denver Broncos,Los Angeles Rams,,,False,STATUS_SCHEDULED,"Sun, September 27th at 8:20 PM EDT",False,Empower Field at Mile High,,,2.5,45.5,,,espn_site_scoreboard,2026-05-31T12:34:20.970240+00:00
2026,2,REG,3,3,2026_03_PHI_CHI,401872963,2026-09-29,2026-09-29,00:15Z,2026-09-29T00:15:00Z,2026-09-29T00:15:00Z,CHI,PHI,Chicago Bears,Philadelphia Eagles,,,False,STATUS_SCHEDULED,"Mon, September 28th at 8:15 PM EDT",False,Soldier Field,,,-1.5,46.5,,,espn_site_scoreboard,2026-05-31T12:34:20.970240+00:00
2026,2,REG,4,4,2026_04_PIT_CLE,401872964,2026-10-02,2026-10-02,00:15Z,2026-10-02T00:15:00Z,2026-10-02T00:15:00Z,CLE,PIT,Cleveland Browns,Pittsburgh Steelers,,,False,STATUS_SCHEDULED,"Thu, October 1st at 8:15 PM EDT",False,Huntington Bank Field,,,2.5,40.5,,,espn_site_scoreboard,2026-05-31T12:34:21.634191+00:00
2026,2,REG,4,4,2026_04_IND_WAS,401872965,2026-10-04,2026-10-04,13:30Z,2026-10-04T13:30:00Z,2026-10-04T13:30:00Z,WAS,IND,Washington Commanders,Indianapolis Colts,,,False,STATUS_SCHEDULED,"Sun, October 4th at 9:30 AM EDT",True,Tottenham Hotspur Stadium,,,-1.5,48.5,,,espn_site_scoreboard,2026-05-31T12:34:21.634191+00:00
2026,2,REG,4,4,2026_04_ARI_NYG,401872966,2026-10-04,2026-10-04,17:00Z,2026-10-04T17:00:00Z,2026-10-04T17:00:00Z,NYG,ARI,New York Giants,Arizona Cardinals,,,False,STATUS_SCHEDULED,"Sun, October 4th at 1:00 PM EDT",False,MetLife Stadium,,,-7.0,45.5,,,espn_site_scoreboard,2026-05-31T12:34:21.634191+00:00
2026,2,REG,4,4,2026_04_DAL_HOU,401872967,2026-10-04,2026-10-04,17:00Z,2026-10-04T17:00:00Z,2026-10-04T17:00:00Z,HOU,DAL,Houston Texans,Dallas Cowboys,,,False,STATUS_SCHEDULED,"Sun, October 4th at 1:00 PM EDT",False,NRG Stadium,,,-2.5,47.5,,,espn_site_scoreboard,2026-05-31T12:34:21.634191+00:00
2026,2,REG,4,4,2026_04_GB_TB,401872968,2026-10-04,2026-10-04,17:00Z,2026-10-04T17:00:00Z,2026-10-04T17:00:00Z,TB,GB,Tampa Bay Buccaneers,Green Bay Packers,,,False,STATUS_SCHEDULED,"Sun, October 4th at 1:00 PM EDT",False,Raymond James Stadium,,,1.5,47.5,,,espn_site_scoreboard,2026-05-31T12:34:21.634191+00:00
2026,2,REG,4,4,2026_04_JAX_CIN,401872969,2026-10-04,2026-10-04,17:00Z,2026-10-04T17:00:00Z,2026-10-04T17:00:00Z,CIN,JAX,Cincinnati Bengals,Jacksonville Jaguars,,,False,STATUS_SCHEDULED,"Sun, October 4th at 1:00 PM EDT",False,Paycor Stadium,,,-2.5,51.5,,,espn_site_scoreboard,2026-05-31T12:34:21.634191+00:00
2026,2,REG,4,4,2026_04_LAR_PHI,401872970,2026-10-04,2026-10-04,17:00Z,2026-10-04T17:00:00Z,2026-10-04T17:00:00Z,PHI,LAR,Philadelphia Eagles,Los Angeles Rams,,,False,STATUS_SCHEDULED,"Sun, October 4th at 1:00 PM EDT",False,Lincoln Financial Field,,,1.5,47.5,,,espn_site_scoreboard,2026-05-31T12:34:21.634191+00:00
2026,2,REG,4,4,2026_04_NE_BUF,401872971,2026-10-04,2026-10-04,17:00Z,2026-10-04T17:00:00Z,2026-10-04T17:00:00Z,BUF,NE,Buffalo Bills,New England Patriots,,,False,STATUS_SCHEDULED,"Sun, October 4th at 1:00 PM EDT",False,Highmark Stadium,,,-3.0,49.5,,,espn_site_scoreboard,2026-05-31T12:34:21.634191+00:00
2026,2,REG,4,4,2026_04_NYJ_CHI,401872972,2026-10-04,2026-10-04,17:00Z,2026-10-04T17:00:00Z,2026-10-04T17:00:00Z,CHI,NYJ,Chicago Bears,New York Jets,,,False,STATUS_SCHEDULED,"Sun, October 4th at 1:00 PM EDT",False,Soldier Field,,,-8.5,45.5,,,espn_site_scoreboard,2026-05-31T12:34:21.634191+00:00
2026,2,REG,4,4,2026_04_TEN_BAL,401872973,2026-10-04,2026-10-04,17:00Z,2026-10-04T17:00:00Z,2026-10-04T17:00:00Z,BAL,TEN,Baltimore Ravens,Tennessee Titans,,,False,STATUS_SCHEDULED,"Sun, October 4th at 1:00 PM EDT",False,M&T Bank Stadium,,,-8.5,47.5,,,espn_site_scoreboard,2026-05-31T12:34:21.634191+00:00
2026,2,REG,4,4,2026_04_MIA_MIN,401872974,2026-10-04,2026-10-04,20:05Z,2026-10-04T20:05:00Z,2026-10-04T20:05:00Z,MIN,MIA,Minnesota Vikings,Miami Dolphins,,,False,STATUS_SCHEDULED,"Sun, October 4th at 4:05 PM EDT",False,U.S. Bank Stadium,,,-7.5,43.5,,,espn_site_scoreboard,2026-05-31T12:34:21.634191+00:00
2026,2,REG,4,4,2026_04_DEN_SF,401872975,2026-10-04,2026-10-04,20:25Z,2026-10-04T20:25:00Z,2026-10-04T20:25:00Z,SF,DEN,San Francisco 49ers,Denver Broncos,,,False,STATUS_SCHEDULED,"Sun, October 4th at 4:25 PM EDT",False,Levi's Stadium,,,-2.5,46.5,,,espn_site_scoreboard,2026-05-31T12:34:21.634191+00:00
2026,2,REG,4,4,2026_04_KC_LV,401872976,2026-10-04,2026-10-04,20:25Z,2026-10-04T20:25:00Z,2026-10-04T20:25:00Z,LV,KC,Las Vegas Raiders,Kansas City Chiefs,,,False,STATUS_SCHEDULED,"Sun, October 4th at 4:25 PM EDT",False,Allegiant Stadium,,,5.5,43.5,,,espn_site_scoreboard,2026-05-31T12:34:21.634191+00:00
2026,2,REG,4,4,2026_04_LAC_SEA,401872977,2026-10-04,2026-10-04,20:25Z,2026-10-04T20:25:00Z,2026-10-04T20:25:00Z,SEA,LAC,Seattle Seahawks,Los Angeles Chargers,,,False,STATUS_SCHEDULED,"Sun, October 4th at 4:25 PM EDT",False,Lumen Field,,,-3.0,,,,espn_site_scoreboard,2026-05-31T12:34:21.634191+00:00
2026,2,REG,4,4,2026_04_DET_CAR,401872978,2026-10-05,2026-10-05,00:20Z,2026-10-05T00:20:00Z,2026-10-05T00:20:00Z,CAR,DET,Carolina Panthers,Detroit Lions,,,False,STATUS_SCHEDULED,"Sun, October 4th at 8:20 PM EDT",False,Bank of America Stadium,,,3.0,47.5,,,espn_site_scoreboard,2026-05-31T12:34:21.634191+00:00
2026,2,REG,4,4,2026_04_ATL_NO,401872979,2026-10-06,2026-10-06,00:15Z,2026-10-06T00:15:00Z,2026-10-06T00:15:00Z,NO,ATL,New Orleans Saints,Atlanta Falcons,,,False,STATUS_SCHEDULED,"Mon, October 5th at 8:15 PM EDT",False,Caesars Superdome,,,-2.5,45.5,,,espn_site_scoreboard,2026-05-31T12:34:21.634191+00:00
2026,2,REG,5,5,2026_05_TB_DAL,401872980,2026-10-09,2026-10-09,00:15Z,2026-10-09T00:15:00Z,2026-10-09T00:15:00Z,DAL,TB,Dallas Cowboys,Tampa Bay Buccaneers,,,False,STATUS_SCHEDULED,"Thu, October 8th at 8:15 PM EDT",False,AT&T Stadium,,,-3.5,52.5,,,espn_site_scoreboard,2026-05-31T12:34:22.518228+00:00
2026,2,REG,5,5,2026_05_PHI_JAX,401872981,2026-10-11,2026-10-11,13:30Z,2026-10-11T13:30:00Z,2026-10-11T13:30:00Z,JAX,PHI,Jacksonville Jaguars,Philadelphia Eagles,,,False,STATUS_SCHEDULED,"Sun, October 11th at 9:30 AM EDT",True,Tottenham Hotspur Stadium,,,2.5,43.5,,,espn_site_scoreboard,2026-05-31T12:34:22.518228+00:00
2026,2,REG,5,5,2026_05_CIN_MIA,401872982,2026-10-11,2026-10-11,17:00Z,2026-10-11T17:00:00Z,2026-10-11T17:00:00Z,MIA,CIN,Miami Dolphins,Cincinnati Bengals,,,False,STATUS_SCHEDULED,"Sun, October 11th at 1:00 PM EDT",False,Hard Rock Stadium,,,5.5,49.5,,,espn_site_scoreboard,2026-05-31T12:34:22.518228+00:00
2026,2,REG,5,5,2026_05_CLE_NYJ,401872983,2026-10-11,2026-10-11,17:00Z,2026-10-11T17:00:00Z,2026-10-11T17:00:00Z,NYJ,CLE,New York Jets,Cleveland Browns,,,False,STATUS_SCHEDULED,"Sun, October 11th at 1:00 PM EDT",False,MetLife Stadium,,,-1.5,39.5,,,espn_site_scoreboard,2026-05-31T12:34:22.518228+00:00
2026,2,REG,5,5,2026_05_HOU_TEN,401872984,2026-10-11,2026-10-11,17:00Z,2026-10-11T17:00:00Z,2026-10-11T17:00:00Z,TEN,HOU,Tennessee Titans,Houston Texans,,,False,STATUS_SCHEDULED,"Sun, October 11th at 1:00 PM EDT",False,Nissan Stadium,,,3.5,43.5,,,espn_site_scoreboard,2026-05-31T12:34:22.518228+00:00
2026,2,REG,5,5,2026_05_IND_PIT,401872985,2026-10-11,2026-10-11,17:00Z,2026-10-11T17:00:00Z,2026-10-11T17:00:00Z,PIT,IND,Pittsburgh Steelers,Indianapolis Colts,,,False,STATUS_SCHEDULED,"Sun, October 11th at 1:00 PM EDT",False,Acrisure Stadium,,,-2.5,47.5,,,espn_site_scoreboard,2026-05-31T12:34:22.518228+00:00
2026,2,REG,5,5,2026_05_LV_NE,401872986,2026-10-11,2026-10-11,17:00Z,2026-10-11T17:00:00Z,2026-10-11T17:00:00Z,NE,LV,New England Patriots,Las Vegas Raiders,,,False,STATUS_SCHEDULED,"Sun, October 11th at 1:00 PM EDT",False,Gillette Stadium,,,-8.5,44.5,,,espn_site_scoreboard,2026-05-31T12:34:22.518228+00:00
2026,2,REG,5,5,2026_05_MIN_NO,401872987,2026-10-11,2026-10-11,17:00Z,2026-10-11T17:00:00Z,2026-10-11T17:00:00Z,NO,MIN,New Orleans Saints,Minnesota Vikings,,,False,STATUS_SCHEDULED,"Sun, October 11th at 1:00 PM EDT",False,Caesars Superdome,,,1.5,44.5,,,espn_site_scoreboard,2026-05-31T12:34:22.518228+00:00
2026,2,REG,5,5,2026_05_NYG_WAS,401872988,2026-10-11,2026-10-11,17:00Z,2026-10-11T17:00:00Z,2026-10-11T17:00:00Z,WAS,NYG,Washington Commanders,New York Giants,,,False,STATUS_SCHEDULED,"Sun, October 11th at 1:00 PM EDT",False,Northwest Stadium,,,-2.5,48.5,,,espn_site_scoreboard,2026-05-31T12:34:22.519230+00:00
2026,2,REG,5,5,2026_05_DEN_LAC,401872989,2026-10-11,2026-10-11,20:05Z,2026-10-11T20:05:00Z,2026-10-11T20:05:00Z,LAC,DEN,Los Angeles Chargers,Denver Broncos,,,False,STATUS_SCHEDULED,"Sun, October 11th at 4:05 PM EDT",False,SoFi Stadium,,,-2.5,44.5,,,espn_site_scoreboard,2026-05-31T12:34:22.519230+00:00
2026,2,REG,5,5,2026_05_CHI_GB,401872990,2026-10-11,2026-10-11,20:25Z,2026-10-11T20:25:00Z,2026-10-11T20:25:00Z,GB,CHI,Green Bay Packers,Chicago Bears,,,False,STATUS_SCHEDULED,"Sun, October 11th at 4:25 PM EDT",False,Lambeau Field,,,-3.0,49.5,,,espn_site_scoreboard,2026-05-31T12:34:22.519230+00:00
2026,2,REG,5,5,2026_05_DET_ARI,401872991,2026-10-11,2026-10-11,20:25Z,2026-10-11T20:25:00Z,2026-10-11T20:25:00Z,ARI,DET,Arizona Cardinals,Detroit Lions,,,False,STATUS_SCHEDULED,"Sun, October 11th at 4:25 PM EDT",False,State Farm Stadium,,,8.5,49.5,,,espn_site_scoreboard,2026-05-31T12:34:22.519230+00:00
2026,2,REG,5,5,2026_05_SF_SEA,401872992,2026-10-11,2026-10-11,20:25Z,2026-10-11T20:25:00Z,2026-10-11T20:25:00Z,SEA,SF,Seattle Seahawks,San Francisco 49ers,,,False,STATUS_SCHEDULED,"Sun, October 11th at 4:25 PM EDT",False,Lumen Field,,,-3.5,46.5,,,espn_site_scoreboard,2026-05-31T12:34:22.519230+00:00
2026,2,REG,5,5,2026_05_BAL_ATL,401872993,2026-10-12,2026-10-12,00:20Z,2026-10-12T00:20:00Z,2026-10-12T00:20:00Z,ATL,BAL,Atlanta Falcons,Baltimore Ravens,,,False,STATUS_SCHEDULED,"Sun, October 11th at 8:20 PM EDT",False,Mercedes-Benz Stadium,,,4.5,48.5,,,espn_site_scoreboard,2026-05-31T12:34:22.519230+00:00
2026,2,REG,5,5,2026_05_BUF_LAR,401872994,2026-10-13,2026-10-13,00:15Z,2026-10-13T00:15:00Z,2026-10-13T00:15:00Z,LAR,BUF,Los Angeles Rams,Buffalo Bills,,,False,STATUS_SCHEDULED,"Mon, October 12th at 8:15 PM EDT",False,SoFi Stadium,,,-3.0,53.5,,,espn_site_scoreboard,2026-05-31T12:34:22.519230+00:00
2026,2,REG,6,6,2026_06_SEA_DEN,401872995,2026-10-16,2026-10-16,00:15Z,2026-10-16T00:15:00Z,2026-10-16T00:15:00Z,DEN,SEA,Denver Broncos,Seattle Seahawks,,,False,STATUS_SCHEDULED,"Thu, October 15th at 8:15 PM EDT",False,Empower Field at Mile High,,,2.5,43.5,,,espn_site_scoreboard,2026-05-31T12:34:23.201022+00:00
2026,2,REG,6,6,2026_06_HOU_JAX,401872996,2026-10-18,2026-10-18,13:30Z,2026-10-18T13:30:00Z,2026-10-18T13:30:00Z,JAX,HOU,Jacksonville Jaguars,Houston Texans,,,False,STATUS_SCHEDULED,"Sun, October 18th at 9:30 AM EDT",True,Wembley Stadium,,,1.5,41.5,,,espn_site_scoreboard,2026-05-31T12:34:23.201022+00:00
2026,2,REG,6,6,2026_06_BAL_CLE,401872997,2026-10-18,2026-10-18,17:00Z,2026-10-18T17:00:00Z,2026-10-18T17:00:00Z,CLE,BAL,Cleveland Browns,Baltimore Ravens,,,False,STATUS_SCHEDULED,"Sun, October 18th at 1:00 PM EDT",False,Huntington Bank Field,,,6.5,44.5,,,espn_site_scoreboard,2026-05-31T12:34:23.201977+00:00
2026,2,REG,6,6,2026_06_CAR_PHI,401872998,2026-10-18,2026-10-18,17:00Z,2026-10-18T17:00:00Z,2026-10-18T17:00:00Z,PHI,CAR,Philadelphia Eagles,Carolina Panthers,,,False,STATUS_SCHEDULED,"Sun, October 18th at 1:00 PM EDT",False,Lincoln Financial Field,,,-6.5,43.5,,,espn_site_scoreboard,2026-05-31T12:34:23.201977+00:00
2026,2,REG,6,6,2026_06_CHI_ATL,401872999,2026-10-18,2026-10-18,17:00Z,2026-10-18T17:00:00Z,2026-10-18T17:00:00Z,ATL,CHI,Atlanta Falcons,Chicago Bears,,,False,STATUS_SCHEDULED,"Sun, October 18th at 1:00 PM EDT",False,Mercedes-Benz Stadium,,,3.0,47.5,,,espn_site_scoreboard,2026-05-31T12:34:23.201977+00:00
2026,2,REG,6,6,2026_06_NO_NYG,401873000,2026-10-18,2026-10-18,17:00Z,2026-10-18T17:00:00Z,2026-10-18T17:00:00Z,NYG,NO,New York Giants,New Orleans Saints,,,False,STATUS_SCHEDULED,"Sun, October 18th at 1:00 PM EDT",False,MetLife Stadium,,,-2.5,45.5,,,espn_site_scoreboard,2026-05-31T12:34:23.201977+00:00
2026,2,REG,6,6,2026_06_NYJ_NE,401873001,2026-10-18,2026-10-18,17:00Z,2026-10-18T17:00:00Z,2026-10-18T17:00:00Z,NE,NYJ,New England Patriots,New York Jets,,,False,STATUS_SCHEDULED,"Sun, October 18th at 1:00 PM EDT",False,Gillette Stadium,,,-9.5,42.5,,,espn_site_scoreboard,2026-05-31T12:34:23.201977+00:00
2026,2,REG,6,6,2026_06_PIT_TB,401873002,2026-10-18,2026-10-18,17:00Z,2026-10-18T17:00:00Z,2026-10-18T17:00:00Z,TB,PIT,Tampa Bay Buccaneers,Pittsburgh Steelers,,,False,STATUS_SCHEDULED,"Sun, October 18th at 1:00 PM EDT",False,Raymond James Stadium,,,-1.5,45.5,,,espn_site_scoreboard,2026-05-31T12:34:23.201977+00:00
2026,2,REG,6,6,2026_06_TEN_IND,401873003,2026-10-18,2026-10-18,17:00Z,2026-10-18T17:00:00Z,2026-10-18T17:00:00Z,IND,TEN,Indianapolis Colts,Tennessee Titans,,,False,STATUS_SCHEDULED,"Sun, October 18th at 1:00 PM EDT",False,Lucas Oil Stadium,,,-3.5,48.5,,,espn_site_scoreboard,2026-05-31T12:34:23.201977+00:00
2026,2,REG,6,6,2026_06_ARI_LAR,401873004,2026-10-18,2026-10-18,20:05Z,2026-10-18T20:05:00Z,2026-10-18T20:05:00Z,LAR,ARI,Los Angeles Rams,Arizona Cardinals,,,False,STATUS_SCHEDULED,"Sun, October 18th at 4:05 PM EDT",False,SoFi Stadium,,,-13.5,47.5,,,espn_site_scoreboard,2026-05-31T12:34:23.201977+00:00
2026,2,REG,6,6,2026_06_BUF_LV,401873005,2026-10-18,2026-10-18,20:25Z,2026-10-18T20:25:00Z,2026-10-18T20:25:00Z,LV,BUF,Las Vegas Raiders,Buffalo Bills,,,False,STATUS_SCHEDULED,"Sun, October 18th at 4:25 PM EDT",False,Allegiant Stadium,,,6.5,47.5,,,espn_site_scoreboard,2026-05-31T12:34:23.201977+00:00
2026,2,REG,6,6,2026_06_LAC_KC,401873006,2026-10-18,2026-10-18,20:25Z,2026-10-18T20:25:00Z,2026-10-18T20:25:00Z,KC,LAC,Kansas City Chiefs,Los Angeles Chargers,,,False,STATUS_SCHEDULED,"Sun, October 18th at 4:25 PM EDT",False,GEHA Field at Arrowhead Stadium,,,-2.5,46.5,,,espn_site_scoreboard,2026-05-31T12:34:23.201977+00:00
2026,2,REG,6,6,2026_06_DAL_GB,401873007,2026-10-19,2026-10-19,00:20Z,2026-10-19T00:20:00Z,2026-10-19T00:20:00Z,GB,DAL,Green Bay Packers,Dallas Cowboys,,,False,STATUS_SCHEDULED,"Sun, October 18th at 8:20 PM EDT",False,Lambeau Field,,,-3.0,51.5,,,espn_site_scoreboard,2026-05-31T12:34:23.201977+00:00
2026,2,REG,6,6,2026_06_WAS_SF,401873008,2026-10-20,2026-10-20,00:15Z,2026-10-20T00:15:00Z,2026-10-20T00:15:00Z,SF,WAS,San Francisco 49ers,Washington Commanders,,,False,STATUS_SCHEDULED,"Mon, October 19th at 8:15 PM EDT",False,Levi's Stadium,,,-5.5,50.5,,,espn_site_scoreboard,2026-05-31T12:34:23.201977+00:00
2026,2,REG,7,7,2026_07_NE_CHI,401873010,2026-10-23,2026-10-23,00:15Z,2026-10-23T00:15:00Z,2026-10-23T00:15:00Z,CHI,NE,Chicago Bears,New England Patriots,,,False,STATUS_SCHEDULED,"Thu, October 22nd at 8:15 PM EDT",False,Soldier Field,,,-1.5,47.5,,,espn_site_scoreboard,2026-05-31T12:34:23.962316+00:00
2026,2,REG,7,7,2026_07_PIT_NO,401873011,2026-10-25,2026-10-25,13:30Z,2026-10-25T13:30:00Z,2026-10-25T13:30:00Z,NO,PIT,New Orleans Saints,Pittsburgh Steelers,,,False,STATUS_SCHEDULED,"Sun, October 25th at 9:30 AM EDT",True,Stade de France,,,1.5,42.5,,,espn_site_scoreboard,2026-05-31T12:34:23.962316+00:00
2026,2,REG,7,7,2026_07_CIN_BAL,401873012,2026-10-25,2026-10-25,17:00Z,2026-10-25T17:00:00Z,2026-10-25T17:00:00Z,BAL,CIN,Baltimore Ravens,Cincinnati Bengals,,,False,STATUS_SCHEDULED,"Sun, October 25th at 1:00 PM EDT",False,M&T Bank Stadium,,,-3.5,52.5,,,espn_site_scoreboard,2026-05-31T12:34:23.963318+00:00
2026,2,REG,7,7,2026_07_CLE_TEN,401873013,2026-10-25,2026-10-25,17:00Z,2026-10-25T17:00:00Z,2026-10-25T17:00:00Z,TEN,CLE,Tennessee Titans,Cleveland Browns,,,False,STATUS_SCHEDULED,"Sun, October 25th at 1:00 PM EDT",False,Nissan Stadium,,,-2.5,40.5,,,espn_site_scoreboard,2026-05-31T12:34:23.962316+00:00
2026,2,REG,7,7,2026_07_IND_MIN,401873014,2026-10-25,2026-10-25,17:00Z,2026-10-25T17:00:00Z,2026-10-25T17:00:00Z,MIN,IND,Minnesota Vikings,Indianapolis Colts,,,False,STATUS_SCHEDULED,"Sun, October 25th at 1:00 PM EDT",False,U.S. Bank Stadium,,,-3.0,47.5,,,espn_site_scoreboard,2026-05-31T12:34:23.963318+00:00
2026,2,REG,7,7,2026_07_MIA_NYJ,401873015,2026-10-25,2026-10-25,17:00Z,2026-10-25T17:00:00Z,2026-10-25T17:00:00Z,NYJ,MIA,New York Jets,Miami Dolphins,,,False,STATUS_SCHEDULED,"Sun, October 25th at 1:00 PM EDT",False,MetLife Stadium,,,-2.5,41.5,,,espn_site_scoreboard,2026-05-31T12:34:23.963318+00:00
2026,2,REG,7,7,2026_07_NYG_HOU,401873016,2026-10-25,2026-10-25,17:00Z,2026-10-25T17:00:00Z,2026-10-25T17:00:00Z,HOU,NYG,Houston Texans,New York Giants,,,False,STATUS_SCHEDULED,"Sun, October 25th at 1:00 PM EDT",False,NRG Stadium,,,-5.5,43.5,,,espn_site_scoreboard,2026-05-31T12:34:23.963318+00:00
2026,2,REG,7,7,2026_07_SF_ATL,401873017,2026-10-25,2026-10-25,17:00Z,2026-10-25T17:00:00Z,2026-10-25T17:00:00Z,ATL,SF,Atlanta Falcons,San Francisco 49ers,,,False,STATUS_SCHEDULED,"Sun, October 25th at 1:00 PM EDT",False,Mercedes-Benz Stadium,,,4.5,47.5,,,espn_site_scoreboard,2026-05-31T12:34:23.962316+00:00
2026,2,REG,7,7,2026_07_TB_CAR,401873018,2026-10-25,2026-10-25,17:00Z,2026-10-25T17:00:00Z,2026-10-25T17:00:00Z,CAR,TB,Carolina Panthers,Tampa Bay Buccaneers,,,False,STATUS_SCHEDULED,"Sun, October 25th at 1:00 PM EDT",False,Bank of America Stadium,,,1.5,45.5,,,espn_site_scoreboard,2026-05-31T12:34:23.963318+00:00
2026,2,REG,7,7,2026_07_DEN_ARI,401873019,2026-10-25,2026-10-25,20:05Z,2026-10-25T20:05:00Z,2026-10-25T20:05:00Z,ARI,DEN,Arizona Cardinals,Denver Broncos,,,False,STATUS_SCHEDULED,"Sun, October 25th at 4:05 PM EDT",False,State Farm Stadium,,,7.5,43.5,,,espn_site_scoreboard,2026-05-31T12:34:23.963318+00:00
2026,2,REG,7,7,2026_07_GB_DET,401873020,2026-10-25,2026-10-25,20:25Z,2026-10-25T20:25:00Z,2026-10-25T20:25:00Z,DET,GB,Detroit Lions,Green Bay Packers,,,False,STATUS_SCHEDULED,"Sun, October 25th at 4:25 PM EDT",False,Ford Field,,,-1.5,50.5,,,espn_site_scoreboard,2026-05-31T12:34:23.963318+00:00
2026,2,REG,7,7,2026_07_LAR_LV,401873021,2026-10-25,2026-10-25,20:25Z,2026-10-25T20:25:00Z,2026-10-25T20:25:00Z,LV,LAR,Las Vegas Raiders,Los Angeles Rams,,,False,STATUS_SCHEDULED,"Sun, October 25th at 4:25 PM EDT",False,Allegiant Stadium,,,7.5,46.5,,,espn_site_scoreboard,2026-05-31T12:34:23.963318+00:00
2026,2,REG,7,7,2026_07_KC_SEA,401873022,2026-10-26,2026-10-26,00:20Z,2026-10-26T00:20:00Z,2026-10-26T00:20:00Z,SEA,KC,Seattle Seahawks,Kansas City Chiefs,,,False,STATUS_SCHEDULED,"Sun, October 25th at 8:20 PM EDT",False,Lumen Field,,,-3.0,45.5,,,espn_site_scoreboard,2026-05-31T12:34:23.963318+00:00
2026,2,REG,7,7,2026_07_DAL_PHI,401873009,2026-10-27,2026-10-27,00:15Z,2026-10-27T00:15:00Z,2026-10-27T00:15:00Z,PHI,DAL,Philadelphia Eagles,Dallas Cowboys,,,False,STATUS_SCHEDULED,"Mon, October 26th at 8:15 PM EDT",False,Lincoln Financial Field,,,-3.0,48.5,,,espn_site_scoreboard,2026-05-31T12:34:23.963318+00:00
2026,2,REG,8,8,2026_08_CAR_GB,401873023,2026-10-30,2026-10-30,00:15Z,2026-10-30T00:15:00Z,2026-10-30T00:15:00Z,GB,CAR,Green Bay Packers,Carolina Panthers,,,False,STATUS_SCHEDULED,"Thu, October 29th at 8:15 PM EDT",False,Lambeau Field,,,-7.0,45.5,,,espn_site_scoreboard,2026-05-31T12:34:24.784477+00:00
2026,2,REG,8,8,2026_08_ARI_DAL,401873024,2026-11-01,2026-11-01,18:00Z,2026-11-01T18:00:00Z,2026-11-01T18:00:00Z,DAL,ARI,Dallas Cowboys,Arizona Cardinals,,,False,STATUS_SCHEDULED,"Sun, November 1st at 1:00 PM EST",False,AT&T Stadium,,,-10.5,49.5,,,espn_site_scoreboard,2026-05-31T12:34:24.784477+00:00
2026,2,REG,8,8,2026_08_ATL_TB,401873025,2026-11-01,2026-11-01,18:00Z,2026-11-01T18:00:00Z,2026-11-01T18:00:00Z,TB,ATL,Tampa Bay Buccaneers,Atlanta Falcons,,,False,STATUS_SCHEDULED,"Sun, November 1st at 1:00 PM EST",False,Raymond James Stadium,,,-4.5,46.5,,,espn_site_scoreboard,2026-05-31T12:34:24.784477+00:00
2026,2,REG,8,8,2026_08_BAL_BUF,401873026,2026-11-01,2026-11-01,18:00Z,2026-11-01T18:00:00Z,2026-11-01T18:00:00Z,BUF,BAL,Buffalo Bills,Baltimore Ravens,,,False,STATUS_SCHEDULED,"Sun, November 1st at 1:00 PM EST",False,Highmark Stadium,,,-2.5,51.5,,,espn_site_scoreboard,2026-05-31T12:34:24.784477+00:00
2026,2,REG,8,8,2026_08_CLE_PIT,401873027,2026-11-01,2026-11-01,18:00Z,2026-11-01T18:00:00Z,2026-11-01T18:00:00Z,PIT,CLE,Pittsburgh Steelers,Cleveland Browns,,,False,STATUS_SCHEDULED,"Sun, November 1st at 1:00 PM EST",False,Acrisure Stadium,,,-5.5,39.5,,,espn_site_scoreboard,2026-05-31T12:34:24.784477+00:00
2026,2,REG,8,8,2026_08_IND_JAX,401873028,2026-11-01,2026-11-01,18:00Z,2026-11-01T18:00:00Z,2026-11-01T18:00:00Z,JAX,IND,Jacksonville Jaguars,Indianapolis Colts,,,False,STATUS_SCHEDULED,"Sun, November 1st at 1:00 PM EST",False,EverBank Stadium,,,-4.5,49.5,,,espn_site_scoreboard,2026-05-31T12:34:24.784477+00:00
2026,2,REG,8,8,2026_08_LV_NYJ,401873029,2026-11-01,2026-11-01,18:00Z,2026-11-01T18:00:00Z,2026-11-01T18:00:00Z,NYJ,LV,New York Jets,Las Vegas Raiders,,,False,STATUS_SCHEDULED,"Sun, November 1st at 1:00 PM EST",False,MetLife Stadium,,,-1.5,41.5,,,espn_site_scoreboard,2026-05-31T12:34:24.784477+00:00
2026,2,REG,8,8,2026_08_MIN_DET,401873030,2026-11-01,2026-11-01,18:00Z,2026-11-01T18:00:00Z,2026-11-01T18:00:00Z,DET,MIN,Detroit Lions,Minnesota Vikings,,,False,STATUS_SCHEDULED,"Sun, November 1st at 1:00 PM EST",False,Ford Field,,,-4.5,47.5,,,espn_site_scoreboard,2026-05-31T12:34:24.784477+00:00
2026,2,REG,8,8,2026_08_TEN_CIN,401873031,2026-11-01,2026-11-01,18:00Z,2026-11-01T18:00:00Z,2026-11-01T18:00:00Z,CIN,TEN,Cincinnati Bengals,Tennessee Titans,,,False,STATUS_SCHEDULED,"Sun, November 1st at 1:00 PM EST",False,Paycor Stadium,,,-6.5,49.5,,,espn_site_scoreboard,2026-05-31T12:34:24.784477+00:00
2026,2,REG,8,8,2026_08_LAC_LAR,401873032,2026-11-01,2026-11-01,21:05Z,2026-11-01T21:05:00Z,2026-11-01T21:05:00Z,LAR,LAC,Los Angeles Rams,Los Angeles Chargers,,,False,STATUS_SCHEDULED,"Sun, November 1st at 4:05 PM EST",False,SoFi Stadium,,,-3.5,48.5,,,espn_site_scoreboard,2026-05-31T12:34:24.784477+00:00
2026,2,REG,8,8,2026_08_KC_DEN,401873033,2026-11-01,2026-11-01,21:25Z,2026-11-01T21:25:00Z,2026-11-01T21:25:00Z,DEN,KC,Denver Broncos,Kansas City Chiefs,,,False,STATUS_SCHEDULED,"Sun, November 1st at 4:25 PM EST",False,Empower Field at Mile High,,,-1.5,43.5,,,espn_site_scoreboard,2026-05-31T12:34:24.784477+00:00
2026,2,REG,8,8,2026_08_NE_MIA,401873034,2026-11-01,2026-11-01,21:25Z,2026-11-01T21:25:00Z,2026-11-01T21:25:00Z,MIA,NE,Miami Dolphins,New England Patriots,,,False,STATUS_SCHEDULED,"Sun, November 1st at 4:25 PM EST",False,Hard Rock Stadium,,,7.0,45.5,,,espn_site_scoreboard,2026-05-31T12:34:24.784477+00:00
2026,2,REG,8,8,2026_08_PHI_WAS,401873035,2026-11-02,2026-11-02,01:20Z,2026-11-02T01:20:00Z,2026-11-02T01:20:00Z,WAS,PHI,Washington Commanders,Philadelphia Eagles,,,False,STATUS_SCHEDULED,"Sun, November 1st at 8:20 PM EST",False,Northwest Stadium,,,2.5,46.5,,,espn_site_scoreboard,2026-05-31T12:34:24.784477+00:00
2026,2,REG,8,8,2026_08_CHI_SEA,401873036,2026-11-03,2026-11-03,01:15Z,2026-11-03T01:15:00Z,2026-11-03T01:15:00Z,SEA,CHI,Seattle Seahawks,Chicago Bears,,,False,STATUS_SCHEDULED,"Mon, November 2nd at 8:15 PM EST",False,Lumen Field,,,-4.5,47.5,,,espn_site_scoreboard,2026-05-31T12:34:24.784477+00:00
2026,2,REG,9,9,2026_09_JAX_BAL,401873037,2026-11-06,2026-11-06,01:15Z,2026-11-06T01:15:00Z,2026-11-06T01:15:00Z,BAL,JAX,Baltimore Ravens,Jacksonville Jaguars,,,False,STATUS_SCHEDULED,"Thu, November 5th at 8:15 PM EST",False,M&T Bank Stadium,,,-4.5,49.5,,,espn_site_scoreboard,2026-05-31T12:34:25.448170+00:00
2026,2,REG,9,9,2026_09_CIN_ATL,401873038,2026-11-08,2026-11-08,14:30Z,2026-11-08T14:30:00Z,2026-11-08T14:30:00Z,ATL,CIN,Atlanta Falcons,Cincinnati Bengals,,,False,STATUS_SCHEDULED,"Sun, November 8th at 9:30 AM EST",True,Santiago Bernabéu,,,4.5,48.5,,,espn_site_scoreboard,2026-05-31T12:34:25.448170+00:00
2026,2,REG,9,9,2026_09_CLE_NO,401873039,2026-11-08,2026-11-08,18:00Z,2026-11-08T18:00:00Z,2026-11-08T18:00:00Z,NO,CLE,New Orleans Saints,Cleveland Browns,,,False,STATUS_SCHEDULED,"Sun, November 8th at 1:00 PM EST",False,Caesars Superdome,,,-3.5,41.5,,,espn_site_scoreboard,2026-05-31T12:34:25.448692+00:00
2026,2,REG,9,9,2026_09_DAL_IND,401873040,2026-11-08,2026-11-08,18:00Z,2026-11-08T18:00:00Z,2026-11-08T18:00:00Z,IND,DAL,Indianapolis Colts,Dallas Cowboys,,,False,STATUS_SCHEDULED,"Sun, November 8th at 1:00 PM EST",False,Lucas Oil Stadium,,,1.5,52.5,,,espn_site_scoreboard,2026-05-31T12:34:25.448170+00:00
2026,2,REG,9,9,2026_09_DEN_CAR,401873041,2026-11-08,2026-11-08,18:00Z,2026-11-08T18:00:00Z,2026-11-08T18:00:00Z,CAR,DEN,Carolina Panthers,Denver Broncos,,,False,STATUS_SCHEDULED,"Sun, November 8th at 1:00 PM EST",False,Bank of America Stadium,,,3.0,42.5,,,espn_site_scoreboard,2026-05-31T12:34:25.448692+00:00
2026,2,REG,9,9,2026_09_DET_MIA,401873042,2026-11-08,2026-11-08,18:00Z,2026-11-08T18:00:00Z,2026-11-08T18:00:00Z,MIA,DET,Miami Dolphins,Detroit Lions,,,False,STATUS_SCHEDULED,"Sun, November 8th at 1:00 PM EST",False,Hard Rock Stadium,,,6.5,47.5,,,espn_site_scoreboard,2026-05-31T12:34:25.448692+00:00
2026,2,REG,9,9,2026_09_LAR_WAS,401873043,2026-11-08,2026-11-08,18:00Z,2026-11-08T18:00:00Z,2026-11-08T18:00:00Z,WAS,LAR,Washington Commanders,Los Angeles Rams,,,False,STATUS_SCHEDULED,"Sun, November 8th at 1:00 PM EST",False,Northwest Stadium,,,4.5,50.5,,,espn_site_scoreboard,2026-05-31T12:34:25.448692+00:00
2026,2,REG,9,9,2026_09_NYG_PHI,401873044,2026-11-08,2026-11-08,18:00Z,2026-11-08T18:00:00Z,2026-11-08T18:00:00Z,PHI,NYG,Philadelphia Eagles,New York Giants,,,False,STATUS_SCHEDULED,"Sun, November 8th at 1:00 PM EST",False,Lincoln Financial Field,,,-5.5,44.5,,,espn_site_scoreboard,2026-05-31T12:34:25.448692+00:00
2026,2,REG,9,9,2026_09_NYJ_KC,401873045,2026-11-08,2026-11-08,18:00Z,2026-11-08T18:00:00Z,2026-11-08T18:00:00Z,KC,NYJ,Kansas City Chiefs,New York Jets,,,False,STATUS_SCHEDULED,"Sun, November 8th at 1:00 PM EST",False,GEHA Field at Arrowhead Stadium,,,-9.5,41.5,,,espn_site_scoreboard,2026-05-31T12:34:25.448692+00:00
2026,2,REG,9,9,2026_09_HOU_LAC,401873046,2026-11-08,2026-11-08,21:05Z,2026-11-08T21:05:00Z,2026-11-08T21:05:00Z,LAC,HOU,Los Angeles Chargers,Houston Texans,,,False,STATUS_SCHEDULED,"Sun, November 8th at 4:05 PM EST",False,SoFi Stadium,,,-1.5,43.5,,,espn_site_scoreboard,2026-05-31T12:34:25.448692+00:00
2026,2,REG,9,9,2026_09_LV_SF,401873047,2026-11-08,2026-11-08,21:05Z,2026-11-08T21:05:00Z,2026-11-08T21:05:00Z,SF,LV,San Francisco 49ers,Las Vegas Raiders,,,False,STATUS_SCHEDULED,"Sun, November 8th at 4:05 PM EST",False,Levi's Stadium,,,-8.5,46.5,,,espn_site_scoreboard,2026-05-31T12:34:25.448692+00:00
2026,2,REG,9,9,2026_09_ARI_SEA,401873048,2026-11-08,2026-11-08,21:25Z,2026-11-08T21:25:00Z,2026-11-08T21:25:00Z,SEA,ARI,Seattle Seahawks,Arizona Cardinals,,,False,STATUS_SCHEDULED,"Sun, November 8th at 4:25 PM EST",False,Lumen Field,,,-13.5,45.5,,,espn_site_scoreboard,2026-05-31T12:34:25.448692+00:00
2026,2,REG,9,9,2026_09_GB_NE,401873049,2026-11-08,2026-11-08,21:25Z,2026-11-08T21:25:00Z,2026-11-08T21:25:00Z,NE,GB,New England Patriots,Green Bay Packers,,,False,STATUS_SCHEDULED,"Sun, November 8th at 4:25 PM EST",False,Gillette Stadium,,,-1.5,46.5,,,espn_site_scoreboard,2026-05-31T12:34:25.448692+00:00
2026,2,REG,9,9,2026_09_TB_CHI,401873050,2026-11-09,2026-11-09,01:20Z,2026-11-09T01:20:00Z,2026-11-09T01:20:00Z,CHI,TB,Chicago Bears,Tampa Bay Buccaneers,,,False,STATUS_SCHEDULED,"Sun, November 8th at 8:20 PM EST",False,Soldier Field,,,-3.5,48.5,,,espn_site_scoreboard,2026-05-31T12:34:25.448692+00:00
2026,2,REG,9,9,2026_09_BUF_MIN,401873051,2026-11-10,2026-11-10,01:15Z,2026-11-10T01:15:00Z,2026-11-10T01:15:00Z,MIN,BUF,Minnesota Vikings,Buffalo Bills,,,False,STATUS_SCHEDULED,"Mon, November 9th at 8:15 PM EST",False,U.S. Bank Stadium,,,3.0,48.5,,,espn_site_scoreboard,2026-05-31T12:34:25.448692+00:00
2026,2,REG,10,10,2026_10_WAS_NYG,401873052,2026-11-13,2026-11-13,01:15Z,2026-11-13T01:15:00Z,2026-11-13T01:15:00Z,NYG,WAS,New York Giants,Washington Commanders,,,False,STATUS_SCHEDULED,"Thu, November 12th at 8:15 PM EST",False,MetLife Stadium,,,-1.5,47.5,,,espn_site_scoreboard,2026-05-31T12:34:26.123051+00:00
2026,2,REG,10,10,2026_10_NE_DET,401873053,2026-11-15,2026-11-15,14:30Z,2026-11-15T14:30:00Z,2026-11-15T14:30:00Z,DET,NE,Detroit Lions,New England Patriots,,,False,STATUS_SCHEDULED,"Sun, November 15th at 9:30 AM EST",True,FC Bayern Munich Stadium,,,-1.5,48.5,,,espn_site_scoreboard,2026-05-31T12:34:26.123051+00:00
2026,2,REG,10,10,2026_10_BUF_NYJ,401873054,2026-11-15,2026-11-15,18:00Z,2026-11-15T18:00:00Z,2026-11-15T18:00:00Z,NYJ,BUF,New York Jets,Buffalo Bills,,,False,STATUS_SCHEDULED,"Sun, November 15th at 1:00 PM EST",False,MetLife Stadium,,,7.0,46.5,,,espn_site_scoreboard,2026-05-31T12:34:26.123051+00:00
2026,2,REG,10,10,2026_10_CAR_NO,401873055,2026-11-15,2026-11-15,18:00Z,2026-11-15T18:00:00Z,2026-11-15T18:00:00Z,NO,CAR,New Orleans Saints,Carolina Panthers,,,False,STATUS_SCHEDULED,"Sun, November 15th at 1:00 PM EST",False,Caesars Superdome,,,-1.5,43.5,,,espn_site_scoreboard,2026-05-31T12:34:26.123051+00:00
2026,2,REG,10,10,2026_10_HOU_CLE,401873056,2026-11-15,2026-11-15,18:00Z,2026-11-15T18:00:00Z,2026-11-15T18:00:00Z,CLE,HOU,Cleveland Browns,Houston Texans,,,False,STATUS_SCHEDULED,"Sun, November 15th at 1:00 PM EST",False,Huntington Bank Field,,,4.5,38.5,,,espn_site_scoreboard,2026-05-31T12:34:26.123051+00:00
2026,2,REG,10,10,2026_10_JAX_TEN,401873057,2026-11-15,2026-11-15,18:00Z,2026-11-15T18:00:00Z,2026-11-15T18:00:00Z,TEN,JAX,Tennessee Titans,Jacksonville Jaguars,,,False,STATUS_SCHEDULED,"Sun, November 15th at 1:00 PM EST",False,Nissan Stadium,,,2.5,45.5,,,espn_site_scoreboard,2026-05-31T12:34:26.123051+00:00
2026,2,REG,10,10,2026_10_KC_ATL,401873058,2026-11-15,2026-11-15,18:00Z,2026-11-15T18:00:00Z,2026-11-15T18:00:00Z,ATL,KC,Atlanta Falcons,Kansas City Chiefs,,,False,STATUS_SCHEDULED,"Sun, November 15th at 1:00 PM EST",False,Mercedes-Benz Stadium,,,4.5,45.5,,,espn_site_scoreboard,2026-05-31T12:34:26.123051+00:00
2026,2,REG,10,10,2026_10_MIA_IND,401873059,2026-11-15,2026-11-15,18:00Z,2026-11-15T18:00:00Z,2026-11-15T18:00:00Z,IND,MIA,Indianapolis Colts,Miami Dolphins,,,False,STATUS_SCHEDULED,"Sun, November 15th at 1:00 PM EST",False,Lucas Oil Stadium,,,-6.5,47.5,,,espn_site_scoreboard,2026-05-31T12:34:26.123051+00:00
2026,2,REG,10,10,2026_10_MIN_GB,401873060,2026-11-15,2026-11-15,18:00Z,2026-11-15T18:00:00Z,2026-11-15T18:00:00Z,GB,MIN,Green Bay Packers,Minnesota Vikings,,,False,STATUS_SCHEDULED,"Sun, November 15th at 1:00 PM EST",False,Lambeau Field,,,-4.5,45.5,,,espn_site_scoreboard,2026-05-31T12:34:26.123051+00:00
2026,2,REG,10,10,2026_10_LAR_ARI,401873061,2026-11-15,2026-11-15,21:05Z,2026-11-15T21:05:00Z,2026-11-15T21:05:00Z,ARI,LAR,Arizona Cardinals,Los Angeles Rams,,,False,STATUS_SCHEDULED,"Sun, November 15th at 4:05 PM EST",False,State Farm Stadium,,,10.5,47.5,,,espn_site_scoreboard,2026-05-31T12:34:26.123051+00:00
2026,2,REG,10,10,2026_10_SEA_LV,401873062,2026-11-15,2026-11-15,21:05Z,2026-11-15T21:05:00Z,2026-11-15T21:05:00Z,LV,SEA,Las Vegas Raiders,Seattle Seahawks,,,False,STATUS_SCHEDULED,"Sun, November 15th at 4:05 PM EST",False,Allegiant Stadium,,,7.0,43.5,,,espn_site_scoreboard,2026-05-31T12:34:26.123051+00:00
2026,2,REG,10,10,2026_10_SF_DAL,401873063,2026-11-15,2026-11-15,21:25Z,2026-11-15T21:25:00Z,2026-11-15T21:25:00Z,DAL,SF,Dallas Cowboys,San Francisco 49ers,,,False,STATUS_SCHEDULED,"Sun, November 15th at 4:25 PM EST",False,AT&T Stadium,,,-1.5,52.5,,,espn_site_scoreboard,2026-05-31T12:34:26.123621+00:00
2026,2,REG,10,10,2026_10_PIT_CIN,401873064,2026-11-16,2026-11-16,01:20Z,2026-11-16T01:20:00Z,2026-11-16T01:20:00Z,CIN,PIT,Cincinnati Bengals,Pittsburgh Steelers,,,False,STATUS_SCHEDULED,"Sun, November 15th at 8:20 PM EST",False,Paycor Stadium,,,-3.5,47.5,,,espn_site_scoreboard,2026-05-31T12:34:26.123621+00:00
2026,2,REG,10,10,2026_10_LAC_BAL,401873065,2026-11-17,2026-11-17,01:15Z,2026-11-17T01:15:00Z,2026-11-17T01:15:00Z,BAL,LAC,Baltimore Ravens,Los Angeles Chargers,,,False,STATUS_SCHEDULED,"Mon, November 16th at 8:15 PM EST",False,M&T Bank Stadium,,,-2.5,48.5,,,espn_site_scoreboard,2026-05-31T12:34:26.123621+00:00
2026,2,REG,11,11,2026_11_IND_HOU,401873066,2026-11-20,2026-11-20,01:15Z,2026-11-20T01:15:00Z,2026-11-20T01:15:00Z,HOU,IND,Houston Texans,Indianapolis Colts,,,False,STATUS_SCHEDULED,"Thu, November 19th at 8:15 PM EST",False,NRG Stadium,,,-5.5,45.5,,,espn_site_scoreboard,2026-05-31T12:34:26.883738+00:00
2026,2,REG,11,11,2026_11_ARI_KC,401873067,2026-11-22,2026-11-22,18:00Z,2026-11-22T18:00:00Z,2026-11-22T18:00:00Z,KC,ARI,Kansas City Chiefs,Arizona Cardinals,,,False,STATUS_SCHEDULED,"Sun, November 22nd at 1:00 PM EST",False,GEHA Field at Arrowhead Stadium,,,-11.5,44.5,,,espn_site_scoreboard,2026-05-31T12:34:26.883738+00:00
2026,2,REG,11,11,2026_11_BAL_CAR,401873068,2026-11-22,2026-11-22,18:00Z,2026-11-22T18:00:00Z,2026-11-22T18:00:00Z,CAR,BAL,Carolina Panthers,Baltimore Ravens,,,False,STATUS_SCHEDULED,"Sun, November 22nd at 1:00 PM EST",False,Bank of America Stadium,,,4.5,46.5,,,espn_site_scoreboard,2026-05-31T12:34:26.883738+00:00
2026,2,REG,11,11,2026_11_JAX_NYG,401873069,2026-11-22,2026-11-22,18:00Z,2026-11-22T18:00:00Z,2026-11-22T18:00:00Z,NYG,JAX,New York Giants,Jacksonville Jaguars,,,False,STATUS_SCHEDULED,"Sun, November 22nd at 1:00 PM EST",False,MetLife Stadium,,,1.5,46.5,,,espn_site_scoreboard,2026-05-31T12:34:26.883738+00:00
2026,2,REG,11,11,2026_11_MIA_BUF,401873070,2026-11-22,2026-11-22,18:00Z,2026-11-22T18:00:00Z,2026-11-22T18:00:00Z,BUF,MIA,Buffalo Bills,Miami Dolphins,,,False,STATUS_SCHEDULED,"Sun, November 22nd at 1:00 PM EST",False,Highmark Stadium,,,-11.5,47.5,,,espn_site_scoreboard,2026-05-31T12:34:26.883738+00:00
2026,2,REG,11,11,2026_11_NO_CHI,401873071,2026-11-22,2026-11-22,18:00Z,2026-11-22T18:00:00Z,2026-11-22T18:00:00Z,CHI,NO,Chicago Bears,New Orleans Saints,,,False,STATUS_SCHEDULED,"Sun, November 22nd at 1:00 PM EST",False,Soldier Field,,,-6.5,46.5,,,espn_site_scoreboard,2026-05-31T12:34:26.883738+00:00
2026,2,REG,11,11,2026_11_TB_DET,401873072,2026-11-22,2026-11-22,18:00Z,2026-11-22T18:00:00Z,2026-11-22T18:00:00Z,DET,TB,Detroit Lions,Tampa Bay Buccaneers,,,False,STATUS_SCHEDULED,"Sun, November 22nd at 1:00 PM EST",False,Ford Field,,,-4.5,49.5,,,espn_site_scoreboard,2026-05-31T12:34:26.883738+00:00
2026,2,REG,11,11,2026_11_TEN_DAL,401873073,2026-11-22,2026-11-22,18:00Z,2026-11-22T18:00:00Z,2026-11-22T18:00:00Z,DAL,TEN,Dallas Cowboys,Tennessee Titans,,,False,STATUS_SCHEDULED,"Sun, November 22nd at 1:00 PM EST",False,AT&T Stadium,,,-6.5,48.5,,,espn_site_scoreboard,2026-05-31T12:34:26.883738+00:00
2026,2,REG,11,11,2026_11_NYJ_LAC,401873074,2026-11-22,2026-11-22,21:05Z,2026-11-22T21:05:00Z,2026-11-22T21:05:00Z,LAC,NYJ,Los Angeles Chargers,New York Jets,,,False,STATUS_SCHEDULED,"Sun, November 22nd at 4:05 PM EST",False,SoFi Stadium,,,-9.5,41.5,,,espn_site_scoreboard,2026-05-31T12:34:26.883738+00:00
2026,2,REG,11,11,2026_11_LV_DEN,401873075,2026-11-22,2026-11-22,21:25Z,2026-11-22T21:25:00Z,2026-11-22T21:25:00Z,DEN,LV,Denver Broncos,Las Vegas Raiders,,,False,STATUS_SCHEDULED,"Sun, November 22nd at 4:25 PM EST",False,Empower Field at Mile High,,,-8.5,41.5,,,espn_site_scoreboard,2026-05-31T12:34:26.883738+00:00
2026,2,REG,11,11,2026_11_PIT_PHI,401873076,2026-11-22,2026-11-22,21:25Z,2026-11-22T21:25:00Z,2026-11-22T21:25:00Z,PHI,PIT,Philadelphia Eagles,Pittsburgh Steelers,,,False,STATUS_SCHEDULED,"Sun, November 22nd at 4:25 PM EST",False,Lincoln Financial Field,,,-5.5,42.5,,,espn_site_scoreboard,2026-05-31T12:34:26.883738+00:00
2026,2,REG,11,11,2026_11_MIN_SF,401873077,2026-11-23,2026-11-23,01:20Z,2026-11-23T01:20:00Z,2026-11-23T01:20:00Z,SF,MIN,San Francisco 49ers,Minnesota Vikings,,,False,STATUS_SCHEDULED,"Sun, November 22nd at 8:20 PM EST",True,Estadio Banorte,,,-3.5,46.5,,,espn_site_scoreboard,2026-05-31T12:34:26.883738+00:00
2026,2,REG,11,11,2026_11_CIN_WAS,401873078,2026-11-24,2026-11-24,01:15Z,2026-11-24T01:15:00Z,2026-11-24T01:15:00Z,WAS,CIN,Washington Commanders,Cincinnati Bengals,,,False,STATUS_SCHEDULED,"Mon, November 23rd at 8:15 PM EST",False,Northwest Stadium,,,1.5,52.5,,,espn_site_scoreboard,2026-05-31T12:34:26.883738+00:00
2026,2,REG,12,12,2026_12_GB_LAR,401873079,2026-11-26,2026-11-26,01:00Z,2026-11-26T01:00:00Z,2026-11-26T01:00:00Z,LAR,GB,Los Angeles Rams,Green Bay Packers,,,False,STATUS_SCHEDULED,"Wed, November 25th at 8:00 PM EST",False,SoFi Stadium,,,-3.5,49.5,,,espn_site_scoreboard,2026-05-31T12:34:27.621904+00:00
2026,2,REG,12,12,2026_12_CHI_DET,401873081,2026-11-26,2026-11-26,18:00Z,2026-11-26T18:00:00Z,2026-11-26T18:00:00Z,DET,CHI,Detroit Lions,Chicago Bears,,,False,STATUS_SCHEDULED,"Thu, November 26th at 1:00 PM EST",False,Ford Field,,,-2.5,51.5,,,espn_site_scoreboard,2026-05-31T12:34:27.621904+00:00
2026,2,REG,12,12,2026_12_PHI_DAL,401873080,2026-11-26,2026-11-26,21:30Z,2026-11-26T21:30:00Z,2026-11-26T21:30:00Z,DAL,PHI,Dallas Cowboys,Philadelphia Eagles,,,False,STATUS_SCHEDULED,"Thu, November 26th at 4:30 PM EST",False,AT&T Stadium,,,-1.5,49.5,,,espn_site_scoreboard,2026-05-31T12:34:27.621904+00:00
2026,2,REG,12,12,2026_12_KC_BUF,401873082,2026-11-27,2026-11-27,01:20Z,2026-11-27T01:20:00Z,2026-11-27T01:20:00Z,BUF,KC,Buffalo Bills,Kansas City Chiefs,,,False,STATUS_SCHEDULED,"Thu, November 26th at 8:20 PM EST",False,Highmark Stadium,,,-2.5,49.5,,,espn_site_scoreboard,2026-05-31T12:34:27.622869+00:00
2026,2,REG,12,12,2026_12_DEN_PIT,401873083,2026-11-27,2026-11-27,20:00Z,2026-11-27T20:00:00Z,2026-11-27T20:00:00Z,PIT,DEN,Pittsburgh Steelers,Denver Broncos,,,False,STATUS_SCHEDULED,"Fri, November 27th at 3:00 PM EST",False,Acrisure Stadium,,,1.5,41.5,,,espn_site_scoreboard,2026-05-31T12:34:27.622869+00:00
2026,2,REG,12,12,2026_12_ATL_MIN,401873084,2026-11-29,2026-11-29,18:00Z,2026-11-29T18:00:00Z,2026-11-29T18:00:00Z,MIN,ATL,Minnesota Vikings,Atlanta Falcons,,,False,STATUS_SCHEDULED,"Sun, November 29th at 1:00 PM EST",False,U.S. Bank Stadium,,,-4.5,43.5,,,espn_site_scoreboard,2026-05-31T12:34:27.622869+00:00
2026,2,REG,12,12,2026_12_BAL_HOU,401873085,2026-11-29,2026-11-29,18:00Z,2026-11-29T18:00:00Z,2026-11-29T18:00:00Z,HOU,BAL,Houston Texans,Baltimore Ravens,,,False,STATUS_SCHEDULED,"Sun, November 29th at 1:00 PM EST",False,NRG Stadium,,,-1.5,45.5,,,espn_site_scoreboard,2026-05-31T12:34:27.622869+00:00
2026,2,REG,12,12,2026_12_LV_CLE,401873086,2026-11-29,2026-11-29,18:00Z,2026-11-29T18:00:00Z,2026-11-29T18:00:00Z,CLE,LV,Cleveland Browns,Las Vegas Raiders,,,False,STATUS_SCHEDULED,"Sun, November 29th at 1:00 PM EST",False,Huntington Bank Field,,,-2.5,39.5,,,espn_site_scoreboard,2026-05-31T12:34:27.622869+00:00
2026,2,REG,12,12,2026_12_NO_CIN,401873087,2026-11-29,2026-11-29,18:00Z,2026-11-29T18:00:00Z,2026-11-29T18:00:00Z,CIN,NO,Cincinnati Bengals,New Orleans Saints,,,False,STATUS_SCHEDULED,"Sun, November 29th at 1:00 PM EST",False,Paycor Stadium,,,-6.5,48.5,,,espn_site_scoreboard,2026-05-31T12:34:27.622869+00:00
2026,2,REG,12,12,2026_12_NYG_IND,401873088,2026-11-29,2026-11-29,18:00Z,2026-11-29T18:00:00Z,2026-11-29T18:00:00Z,IND,NYG,Indianapolis Colts,New York Giants,,,False,STATUS_SCHEDULED,"Sun, November 29th at 1:00 PM EST",False,Lucas Oil Stadium,,,-2.5,47.5,,,espn_site_scoreboard,2026-05-31T12:34:27.622869+00:00
2026,2,REG,12,12,2026_12_NYJ_MIA,401873089,2026-11-29,2026-11-29,18:00Z,2026-11-29T18:00:00Z,2026-11-29T18:00:00Z,MIA,NYJ,Miami Dolphins,New York Jets,,,False,STATUS_SCHEDULED,"Sun, November 29th at 1:00 PM EST",False,Hard Rock Stadium,,,-1.5,40.5,,,espn_site_scoreboard,2026-05-31T12:34:27.622869+00:00
2026,2,REG,12,12,2026_12_TEN_JAX,401873090,2026-11-29,2026-11-29,21:05Z,2026-11-29T21:05:00Z,2026-11-29T21:05:00Z,JAX,TEN,Jacksonville Jaguars,Tennessee Titans,,,False,STATUS_SCHEDULED,"Sun, November 29th at 4:05 PM EST",False,EverBank Stadium,,,-5.5,45.5,,,espn_site_scoreboard,2026-05-31T12:34:27.622869+00:00
2026,2,REG,12,12,2026_12_SEA_SF,401873091,2026-11-29,2026-11-29,21:25Z,2026-11-29T21:25:00Z,2026-11-29T21:25:00Z,SF,SEA,San Francisco 49ers,Seattle Seahawks,,,False,STATUS_SCHEDULED,"Sun, November 29th at 4:25 PM EST",False,Levi's Stadium,,,-1.5,46.5,,,espn_site_scoreboard,2026-05-31T12:34:27.622869+00:00
2026,2,REG,12,12,2026_12_WAS_ARI,401873092,2026-11-29,2026-11-29,21:25Z,2026-11-29T21:25:00Z,2026-11-29T21:25:00Z,ARI,WAS,Arizona Cardinals,Washington Commanders,,,False,STATUS_SCHEDULED,"Sun, November 29th at 4:25 PM EST",False,State Farm Stadium,,,4.5,47.5,,,espn_site_scoreboard,2026-05-31T12:34:27.622869+00:00
2026,2,REG,12,12,2026_12_NE_LAC,401873093,2026-11-30,2026-11-30,01:20Z,2026-11-30T01:20:00Z,2026-11-30T01:20:00Z,LAC,NE,Los Angeles Chargers,New England Patriots,,,False,STATUS_SCHEDULED,"Sun, November 29th at 8:20 PM EST",False,SoFi Stadium,,,-2.5,45.5,,,espn_site_scoreboard,2026-05-31T12:34:27.622869+00:00
2026,2,REG,12,12,2026_12_CAR_TB,401873094,2026-12-01,2026-12-01,01:15Z,2026-12-01T01:15:00Z,2026-12-01T01:15:00Z,TB,CAR,Tampa Bay Buccaneers,Carolina Panthers,,,False,STATUS_SCHEDULED,"Mon, November 30th at 8:15 PM EST",False,Raymond James Stadium,,,-3.5,44.5,,,espn_site_scoreboard,2026-05-31T12:34:27.622869+00:00
2026,2,REG,13,13,2026_13_KC_LAR,401873096,2026-12-04,2026-12-04,01:15Z,2026-12-04T01:15:00Z,2026-12-04T01:15:00Z,LAR,KC,Los Angeles Rams,Kansas City Chiefs,,,False,STATUS_SCHEDULED,"Thu, December 3rd at 8:15 PM EST",False,SoFi Stadium,,,-3.5,47.5,,,espn_site_scoreboard,2026-05-31T12:34:28.397631+00:00
2026,2,REG,13,13,2026_13_CIN_CLE,401873097,2026-12-06,2026-12-06,18:00Z,2026-12-06T18:00:00Z,2026-12-06T18:00:00Z,CLE,CIN,Cleveland Browns,Cincinnati Bengals,,,False,STATUS_SCHEDULED,"Sun, December 6th at 1:00 PM EST",False,Huntington Bank Field,,,4.5,45.5,,,espn_site_scoreboard,2026-05-31T12:34:28.397631+00:00
2026,2,REG,13,13,2026_13_DET_ATL,401873098,2026-12-06,2026-12-06,18:00Z,2026-12-06T18:00:00Z,2026-12-06T18:00:00Z,ATL,DET,Atlanta Falcons,Detroit Lions,,,False,STATUS_SCHEDULED,"Sun, December 6th at 1:00 PM EST",False,Mercedes-Benz Stadium,,,3.5,48.5,,,espn_site_scoreboard,2026-05-31T12:34:28.397631+00:00
2026,2,REG,13,13,2026_13_GB_NO,401873099,2026-12-06,2026-12-06,18:00Z,2026-12-06T18:00:00Z,2026-12-06T18:00:00Z,NO,GB,New Orleans Saints,Green Bay Packers,,,False,STATUS_SCHEDULED,"Sun, December 6th at 1:00 PM EST",False,Caesars Superdome,,,4.5,45.5,,,espn_site_scoreboard,2026-05-31T12:34:28.397631+00:00
2026,2,REG,13,13,2026_13_JAX_CHI,401873100,2026-12-06,2026-12-06,18:00Z,2026-12-06T18:00:00Z,2026-12-06T18:00:00Z,CHI,JAX,Chicago Bears,Jacksonville Jaguars,,,False,STATUS_SCHEDULED,"Sun, December 6th at 1:00 PM EST",False,Soldier Field,,,-2.5,47.5,,,espn_site_scoreboard,2026-05-31T12:34:28.397631+00:00
2026,2,REG,13,13,2026_13_LAC_TB,401873101,2026-12-06,2026-12-06,18:00Z,2026-12-06T18:00:00Z,2026-12-06T18:00:00Z,TB,LAC,Tampa Bay Buccaneers,Los Angeles Chargers,,,False,STATUS_SCHEDULED,"Sun, December 6th at 1:00 PM EST",False,Raymond James Stadium,,,1.5,46.5,,,espn_site_scoreboard,2026-05-31T12:34:28.397631+00:00
2026,2,REG,13,13,2026_13_SF_NYG,401873095,2026-12-06,2026-12-06,18:00Z,2026-12-06T18:00:00Z,2026-12-06T18:00:00Z,NYG,SF,New York Giants,San Francisco 49ers,,,False,STATUS_SCHEDULED,"Sun, December 6th at 1:00 PM EST",False,MetLife Stadium,,,3.0,47.5,,,espn_site_scoreboard,2026-05-31T12:34:28.397631+00:00
2026,2,REG,13,13,2026_13_WAS_TEN,401873102,2026-12-06,2026-12-06,18:00Z,2026-12-06T18:00:00Z,2026-12-06T18:00:00Z,TEN,WAS,Tennessee Titans,Washington Commanders,,,False,STATUS_SCHEDULED,"Sun, December 6th at 1:00 PM EST",False,Nissan Stadium,,,1.5,46.5,,,espn_site_scoreboard,2026-05-31T12:34:28.397631+00:00
2026,2,REG,13,13,2026_13_MIA_DEN,401873103,2026-12-06,2026-12-06,21:05Z,2026-12-06T21:05:00Z,2026-12-06T21:05:00Z,DEN,MIA,Denver Broncos,Miami Dolphins,,,False,STATUS_SCHEDULED,"Sun, December 6th at 4:05 PM EST",False,Empower Field at Mile High,,,-9.5,42.5,,,espn_site_scoreboard,2026-05-31T12:34:28.397631+00:00
2026,2,REG,13,13,2026_13_PHI_ARI,401873104,2026-12-06,2026-12-06,21:05Z,2026-12-06T21:05:00Z,2026-12-06T21:05:00Z,ARI,PHI,Arizona Cardinals,Philadelphia Eagles,,,False,STATUS_SCHEDULED,"Sun, December 6th at 4:05 PM EST",False,State Farm Stadium,,,8.5,43.5,,,espn_site_scoreboard,2026-05-31T12:34:28.397631+00:00
2026,2,REG,13,13,2026_13_BUF_NE,401873105,2026-12-06,2026-12-06,21:25Z,2026-12-06T21:25:00Z,2026-12-06T21:25:00Z,NE,BUF,New England Patriots,Buffalo Bills,,,False,STATUS_SCHEDULED,"Sun, December 6th at 4:25 PM EST",False,Gillette Stadium,,,-1.5,48.5,,,espn_site_scoreboard,2026-05-31T12:34:28.397631+00:00
2026,2,REG,13,13,2026_13_CAR_MIN,401873106,2026-12-06,2026-12-06,21:25Z,2026-12-06T21:25:00Z,2026-12-06T21:25:00Z,MIN,CAR,Minnesota Vikings,Carolina Panthers,,,False,STATUS_SCHEDULED,"Sun, December 6th at 4:25 PM EST",False,U.S. Bank Stadium,,,-3.5,42.5,,,espn_site_scoreboard,2026-05-31T12:34:28.397631+00:00
2026,2,REG,13,13,2026_13_HOU_PIT,401873107,2026-12-07,2026-12-07,01:20Z,2026-12-07T01:20:00Z,2026-12-07T01:20:00Z,PIT,HOU,Pittsburgh Steelers,Houston Texans,,,False,STATUS_SCHEDULED,"Sun, December 6th at 8:20 PM EST",False,Acrisure Stadium,,,1.5,41.5,,,espn_site_scoreboard,2026-05-31T12:34:28.397631+00:00
2026,2,REG,13,13,2026_13_DAL_SEA,401873108,2026-12-08,2026-12-08,01:15Z,2026-12-08T01:15:00Z,2026-12-08T01:15:00Z,SEA,DAL,Seattle Seahawks,Dallas Cowboys,,,False,STATUS_SCHEDULED,"Mon, December 7th at 8:15 PM EST",False,Lumen Field,,,-4.5,48.5,,,espn_site_scoreboard,2026-05-31T12:34:28.397631+00:00
2026,2,REG,14,14,2026_14_MIN_NE,401873109,2026-12-11,2026-12-11,01:15Z,2026-12-11T01:15:00Z,2026-12-11T01:15:00Z,NE,MIN,New England Patriots,Minnesota Vikings,,,False,STATUS_SCHEDULED,"Thu, December 10th at 8:15 PM EST",False,Gillette Stadium,,,-4.5,43.5,,,espn_site_scoreboard,2026-05-31T12:34:29.099710+00:00
2026,2,REG,14,14,2026_14_ATL_CLE,401873110,2026-12-13,2026-12-13,18:00Z,2026-12-13T18:00:00Z,2026-12-13T18:00:00Z,CLE,ATL,Cleveland Browns,Atlanta Falcons,,,False,STATUS_SCHEDULED,"Sun, December 13th at 1:00 PM EST",False,Huntington Bank Field,,,-1.5,40.5,,,espn_site_scoreboard,2026-05-31T12:34:29.099710+00:00
2026,2,REG,14,14,2026_14_CHI_MIA,401873111,2026-12-13,2026-12-13,18:00Z,2026-12-13T18:00:00Z,2026-12-13T18:00:00Z,MIA,CHI,Miami Dolphins,Chicago Bears,,,False,STATUS_SCHEDULED,"Sun, December 13th at 1:00 PM EST",False,Hard Rock Stadium,,,5.5,46.5,,,espn_site_scoreboard,2026-05-31T12:34:29.100274+00:00
2026,2,REG,14,14,2026_14_DEN_NYJ,401873112,2026-12-13,2026-12-13,18:00Z,2026-12-13T18:00:00Z,2026-12-13T18:00:00Z,NYJ,DEN,New York Jets,Denver Broncos,,,False,STATUS_SCHEDULED,"Sun, December 13th at 1:00 PM EST",False,MetLife Stadium,,,5.5,39.5,,,espn_site_scoreboard,2026-05-31T12:34:29.100274+00:00
2026,2,REG,14,14,2026_14_HOU_WAS,401873113,2026-12-13,2026-12-13,18:00Z,2026-12-13T18:00:00Z,2026-12-13T18:00:00Z,WAS,HOU,Washington Commanders,Houston Texans,,,False,STATUS_SCHEDULED,"Sun, December 13th at 1:00 PM EST",False,Northwest Stadium,,,2.5,44.5,,,espn_site_scoreboard,2026-05-31T12:34:29.100274+00:00
2026,2,REG,14,14,2026_14_IND_PHI,401873114,2026-12-13,2026-12-13,18:00Z,2026-12-13T18:00:00Z,2026-12-13T18:00:00Z,PHI,IND,Philadelphia Eagles,Indianapolis Colts,,,False,STATUS_SCHEDULED,"Sun, December 13th at 1:00 PM EST",False,Lincoln Financial Field,,,-5.5,46.5,,,espn_site_scoreboard,2026-05-31T12:34:29.100274+00:00
2026,2,REG,14,14,2026_14_NO_CAR,401873115,2026-12-13,2026-12-13,18:00Z,2026-12-13T18:00:00Z,2026-12-13T18:00:00Z,CAR,NO,Carolina Panthers,New Orleans Saints,,,False,STATUS_SCHEDULED,"Sun, December 13th at 1:00 PM EST",False,Bank of America Stadium,,,-2.5,43.5,,,espn_site_scoreboard,2026-05-31T12:34:29.100274+00:00
2026,2,REG,14,14,2026_14_TB_BAL,401873116,2026-12-13,2026-12-13,18:00Z,2026-12-13T18:00:00Z,2026-12-13T18:00:00Z,BAL,TB,Baltimore Ravens,Tampa Bay Buccaneers,,,False,STATUS_SCHEDULED,"Sun, December 13th at 1:00 PM EST",False,M&T Bank Stadium,,,-6.0,48.5,,,espn_site_scoreboard,2026-05-31T12:34:29.100274+00:00
2026,2,REG,14,14,2026_14_TEN_DET,401873117,2026-12-13,2026-12-13,18:00Z,2026-12-13T18:00:00Z,2026-12-13T18:00:00Z,DET,TEN,Detroit Lions,Tennessee Titans,,,False,STATUS_SCHEDULED,"Sun, December 13th at 1:00 PM EST",False,Ford Field,,,-7.5,47.5,,,espn_site_scoreboard,2026-05-31T12:34:29.100220+00:00
2026,2,REG,14,14,2026_14_LAC_LV,401873118,2026-12-13,2026-12-13,21:05Z,2026-12-13T21:05:00Z,2026-12-13T21:05:00Z,LV,LAC,Las Vegas Raiders,Los Angeles Chargers,,,False,STATUS_SCHEDULED,"Sun, December 13th at 4:05 PM EST",False,Allegiant Stadium,,,5.5,43.5,,,espn_site_scoreboard,2026-05-31T12:34:29.100274+00:00
2026,2,REG,14,14,2026_14_KC_CIN,401873119,2026-12-13,2026-12-13,21:25Z,2026-12-13T21:25:00Z,2026-12-13T21:25:00Z,CIN,KC,Cincinnati Bengals,Kansas City Chiefs,,,False,STATUS_SCHEDULED,"Sun, December 13th at 4:25 PM EST",False,Paycor Stadium,,,-1.5,48.5,,,espn_site_scoreboard,2026-05-31T12:34:29.100274+00:00
2026,2,REG,14,14,2026_14_LAR_SF,401873120,2026-12-13,2026-12-13,21:25Z,2026-12-13T21:25:00Z,2026-12-13T21:25:00Z,SF,LAR,San Francisco 49ers,Los Angeles Rams,,,False,STATUS_SCHEDULED,"Sun, December 13th at 4:25 PM EST",False,Levi's Stadium,,,1.5,49.5,,,espn_site_scoreboard,2026-05-31T12:34:29.100274+00:00
2026,2,REG,14,14,2026_14_NYG_SEA,401873121,2026-12-13,2026-12-13,21:25Z,2026-12-13T21:25:00Z,2026-12-13T21:25:00Z,SEA,NYG,Seattle Seahawks,New York Giants,,,False,STATUS_SCHEDULED,"Sun, December 13th at 4:25 PM EST",False,Lumen Field,,,-7.5,45.5,,,espn_site_scoreboard,2026-05-31T12:34:29.100274+00:00
2026,2,REG,14,14,2026_14_BUF_GB,401873122,2026-12-14,2026-12-14,01:20Z,2026-12-14T01:20:00Z,2026-12-14T01:20:00Z,GB,BUF,Green Bay Packers,Buffalo Bills,,,False,STATUS_SCHEDULED,"Sun, December 13th at 8:20 PM EST",False,Lambeau Field,,,-1.5,49.5,,,espn_site_scoreboard,2026-05-31T12:34:29.100274+00:00
2026,2,REG,14,14,2026_14_PIT_JAX,401873123,2026-12-15,2026-12-15,01:15Z,2026-12-15T01:15:00Z,2026-12-15T01:15:00Z,JAX,PIT,Jacksonville Jaguars,Pittsburgh Steelers,,,False,STATUS_SCHEDULED,"Mon, December 14th at 8:15 PM EST",False,EverBank Stadium,,,-3.0,44.5,,,espn_site_scoreboard,2026-05-31T12:34:29.100274+00:00
2026,2,REG,15,15,2026_15_SF_LAC,401873124,2026-12-18,2026-12-18,01:15Z,2026-12-18T01:15:00Z,2026-12-18T01:15:00Z,LAC,SF,Los Angeles Chargers,San Francisco 49ers,,,False,STATUS_SCHEDULED,"Thu, December 17th at 8:15 PM EST",False,SoFi Stadium,,,-2.5,47.5,,,espn_site_scoreboard,2026-05-31T12:34:29.792142+00:00
2026,2,REG,15,15,2026_15_SEA_PHI,401873125,2026-12-19,2026-12-19,22:00Z,2026-12-19T22:00:00Z,2026-12-19T22:00:00Z,PHI,SEA,Philadelphia Eagles,Seattle Seahawks,,,False,STATUS_SCHEDULED,"Sat, December 19th at 5:00 PM EST",False,Lincoln Financial Field,,,-1.5,43.5,,,espn_site_scoreboard,2026-05-31T12:34:29.792142+00:00
2026,2,REG,15,15,2026_15_CHI_BUF,401873126,2026-12-20,2026-12-20,01:20Z,2026-12-20T01:20:00Z,2026-12-20T01:20:00Z,BUF,CHI,Buffalo Bills,Chicago Bears,,,False,STATUS_SCHEDULED,"Sat, December 19th at 8:20 PM EST",False,Highmark Stadium,,,-3.5,51.5,,,espn_site_scoreboard,2026-05-31T12:34:29.792142+00:00
2026,2,REG,15,15,2026_15_ATL_WAS,401873127,2026-12-20,2026-12-20,18:00Z,2026-12-20T18:00:00Z,2026-12-20T18:00:00Z,WAS,ATL,Washington Commanders,Atlanta Falcons,,,False,STATUS_SCHEDULED,"Sun, December 20th at 1:00 PM EST",False,Northwest Stadium,,,-3.5,46.5,,,espn_site_scoreboard,2026-05-31T12:34:29.793097+00:00
2026,2,REG,15,15,2026_15_BAL_PIT,401873128,2026-12-20,2026-12-20,18:00Z,2026-12-20T18:00:00Z,2026-12-20T18:00:00Z,PIT,BAL,Pittsburgh Steelers,Baltimore Ravens,,,False,STATUS_SCHEDULED,"Sun, December 20th at 1:00 PM EST",False,Acrisure Stadium,,,2.5,45.5,,,espn_site_scoreboard,2026-05-31T12:34:29.793097+00:00
2026,2,REG,15,15,2026_15_CIN_CAR,401873129,2026-12-20,2026-12-20,18:00Z,2026-12-20T18:00:00Z,2026-12-20T18:00:00Z,CAR,CIN,Carolina Panthers,Cincinnati Bengals,,,False,STATUS_SCHEDULED,"Sun, December 20th at 1:00 PM EST",False,Bank of America Stadium,,,2.5,47.5,,,espn_site_scoreboard,2026-05-31T12:34:29.793097+00:00
2026,2,REG,15,15,2026_15_CLE_NYG,401873130,2026-12-20,2026-12-20,18:00Z,2026-12-20T18:00:00Z,2026-12-20T18:00:00Z,NYG,CLE,New York Giants,Cleveland Browns,,,False,STATUS_SCHEDULED,"Sun, December 20th at 1:00 PM EST",False,MetLife Stadium,,,-4.5,40.5,,,espn_site_scoreboard,2026-05-31T12:34:29.793097+00:00
2026,2,REG,15,15,2026_15_IND_TEN,401873131,2026-12-20,2026-12-20,18:00Z,2026-12-20T18:00:00Z,2026-12-20T18:00:00Z,TEN,IND,Tennessee Titans,Indianapolis Colts,,,False,STATUS_SCHEDULED,"Sun, December 20th at 1:00 PM EST",False,Nissan Stadium,,,1.5,47.5,,,espn_site_scoreboard,2026-05-31T12:34:29.793097+00:00
2026,2,REG,15,15,2026_15_JAX_HOU,401873132,2026-12-20,2026-12-20,18:00Z,2026-12-20T18:00:00Z,2026-12-20T18:00:00Z,HOU,JAX,Houston Texans,Jacksonville Jaguars,,,False,STATUS_SCHEDULED,"Sun, December 20th at 1:00 PM EST",False,NRG Stadium,,,-3.0,43.5,,,espn_site_scoreboard,2026-05-31T12:34:29.793097+00:00
2026,2,REG,15,15,2026_15_MIA_GB,401873133,2026-12-20,2026-12-20,18:00Z,2026-12-20T18:00:00Z,2026-12-20T18:00:00Z,GB,MIA,Green Bay Packers,Miami Dolphins,,,False,STATUS_SCHEDULED,"Sun, December 20th at 1:00 PM EST",False,Lambeau Field,,,-10.5,45.5,,,espn_site_scoreboard,2026-05-31T12:34:29.792142+00:00
2026,2,REG,15,15,2026_15_NO_TB,401873134,2026-12-20,2026-12-20,18:00Z,2026-12-20T18:00:00Z,2026-12-20T18:00:00Z,TB,NO,Tampa Bay Buccaneers,New Orleans Saints,,,False,STATUS_SCHEDULED,"Sun, December 20th at 1:00 PM EST",False,Raymond James Stadium,,,-3.5,45.5,,,espn_site_scoreboard,2026-05-31T12:34:29.793097+00:00
2026,2,REG,15,15,2026_15_NYJ_ARI,401873135,2026-12-20,2026-12-20,21:05Z,2026-12-20T21:05:00Z,2026-12-20T21:05:00Z,ARI,NYJ,Arizona Cardinals,New York Jets,,,False,STATUS_SCHEDULED,"Sun, December 20th at 4:05 PM EST",False,State Farm Stadium,,,1.5,41.5,,,espn_site_scoreboard,2026-05-31T12:34:29.793097+00:00
2026,2,REG,15,15,2026_15_DAL_LAR,401873136,2026-12-20,2026-12-20,21:25Z,2026-12-20T21:25:00Z,2026-12-20T21:25:00Z,LAR,DAL,Los Angeles Rams,Dallas Cowboys,,,False,STATUS_SCHEDULED,"Sun, December 20th at 4:25 PM EST",False,SoFi Stadium,,,-5.5,52.5,,,espn_site_scoreboard,2026-05-31T12:34:29.793097+00:00
2026,2,REG,15,15,2026_15_DEN_LV,401873137,2026-12-20,2026-12-20,21:25Z,2026-12-20T21:25:00Z,2026-12-20T21:25:00Z,LV,DEN,Las Vegas Raiders,Denver Broncos,,,False,STATUS_SCHEDULED,"Sun, December 20th at 4:25 PM EST",False,Allegiant Stadium,,,4.5,41.5,,,espn_site_scoreboard,2026-05-31T12:34:29.793097+00:00
2026,2,REG,15,15,2026_15_DET_MIN,401873138,2026-12-21,2026-12-21,01:20Z,2026-12-21T01:20:00Z,2026-12-21T01:20:00Z,MIN,DET,Minnesota Vikings,Detroit Lions,,,False,STATUS_SCHEDULED,"Sun, December 20th at 8:20 PM EST",False,U.S. Bank Stadium,,,1.5,46.5,,,espn_site_scoreboard,2026-05-31T12:34:29.793097+00:00
2026,2,REG,15,15,2026_15_NE_KC,401873139,2026-12-22,2026-12-22,01:15Z,2026-12-22T01:15:00Z,2026-12-22T01:15:00Z,KC,NE,Kansas City Chiefs,New England Patriots,,,False,STATUS_SCHEDULED,"Mon, December 21st at 8:15 PM EST",False,GEHA Field at Arrowhead Stadium,,,-2.5,45.5,,,espn_site_scoreboard,2026-05-31T12:34:29.793097+00:00
2026,2,REG,16,16,2026_16_HOU_PHI,401873140,2026-12-25,2026-12-25,01:15Z,2026-12-25T01:15:00Z,2026-12-25T01:15:00Z,PHI,HOU,Philadelphia Eagles,Houston Texans,,,False,STATUS_SCHEDULED,"Thu, December 24th at 8:15 PM EST",False,Lincoln Financial Field,,,-2.5,41.5,,,espn_site_scoreboard,2026-05-31T12:34:30.577786+00:00
2026,2,REG,16,16,2026_16_GB_CHI,401873141,2026-12-25,2026-12-25,18:00Z,2026-12-25T18:00:00Z,2026-12-25T18:00:00Z,CHI,GB,Chicago Bears,Green Bay Packers,,,False,STATUS_SCHEDULED,"Fri, December 25th at 1:00 PM EST",False,Soldier Field,,,-1.5,47.5,,,espn_site_scoreboard,2026-05-31T12:34:30.577786+00:00
2026,2,REG,16,16,2026_16_BUF_DEN,401873142,2026-12-25,2026-12-25,21:30Z,2026-12-25T21:30:00Z,2026-12-25T21:30:00Z,DEN,BUF,Denver Broncos,Buffalo Bills,,,False,STATUS_SCHEDULED,"Fri, December 25th at 4:30 PM EST",False,Empower Field at Mile High,,,1.5,46.5,,,espn_site_scoreboard,2026-05-31T12:34:30.577786+00:00
2026,2,REG,16,16,2026_16_LAR_SEA,401873143,2026-12-26,2026-12-26,01:15Z,2026-12-26T01:15:00Z,2026-12-26T01:15:00Z,SEA,LAR,Seattle Seahawks,Los Angeles Rams,,,False,STATUS_SCHEDULED,"Fri, December 25th at 8:15 PM EST",False,Lumen Field,,,-1.5,47.5,,,espn_site_scoreboard,2026-05-31T12:34:30.577786+00:00
2026,2,REG,16,16,2026_16_CAR_PIT,401873144,2026-12-27,2026-12-27,05:00Z,2026-12-27T05:00:00Z,2026-12-27T05:00:00Z,PIT,CAR,Pittsburgh Steelers,Carolina Panthers,,,False,STATUS_SCHEDULED,12/27 - TBD,False,Acrisure Stadium,,,-3.5,41.5,,,espn_site_scoreboard,2026-05-31T12:34:30.578302+00:00
2026,2,REG,16,16,2026_16_CIN_IND,401873145,2026-12-27,2026-12-27,05:00Z,2026-12-27T05:00:00Z,2026-12-27T05:00:00Z,IND,CIN,Indianapolis Colts,Cincinnati Bengals,,,False,STATUS_SCHEDULED,12/27 - TBD,False,Lucas Oil Stadium,,,1.5,52.5,,,espn_site_scoreboard,2026-05-31T12:34:30.578302+00:00
2026,2,REG,16,16,2026_16_TB_ATL,401873146,2026-12-27,2026-12-27,05:00Z,2026-12-27T05:00:00Z,2026-12-27T05:00:00Z,ATL,TB,Atlanta Falcons,Tampa Bay Buccaneers,,,False,STATUS_SCHEDULED,12/27 - TBD,False,Mercedes-Benz Stadium,,,1.5,45.5,,,espn_site_scoreboard,2026-05-31T12:34:30.578302+00:00
2026,2,REG,16,16,2026_16_WAS_MIN,401873147,2026-12-27,2026-12-27,05:00Z,2026-12-27T05:00:00Z,2026-12-27T05:00:00Z,MIN,WAS,Minnesota Vikings,Washington Commanders,,,False,STATUS_SCHEDULED,12/27 - TBD,False,U.S. Bank Stadium,,,-2.5,46.5,,,espn_site_scoreboard,2026-05-31T12:34:30.578302+00:00
2026,2,REG,16,16,2026_16_ARI_NO,401873148,2026-12-27,2026-12-27,18:00Z,2026-12-27T18:00:00Z,2026-12-27T18:00:00Z,NO,ARI,New Orleans Saints,Arizona Cardinals,,,False,STATUS_SCHEDULED,"Sun, December 27th at 1:00 PM EST",False,Caesars Superdome,,,-5.5,44.5,,,espn_site_scoreboard,2026-05-31T12:34:30.578302+00:00
2026,2,REG,16,16,2026_16_CLE_BAL,401873149,2026-12-27,2026-12-27,18:00Z,2026-12-27T18:00:00Z,2026-12-27T18:00:00Z,BAL,CLE,Baltimore Ravens,Cleveland Browns,,,False,STATUS_SCHEDULED,"Sun, December 27th at 1:00 PM EST",False,M&T Bank Stadium,,,,43.5,,,espn_site_scoreboard,2026-05-31T12:34:30.578302+00:00
2026,2,REG,16,16,2026_16_LAC_MIA,401873150,2026-12-27,2026-12-27,18:00Z,2026-12-27T18:00:00Z,2026-12-27T18:00:00Z,MIA,LAC,Miami Dolphins,Los Angeles Chargers,,,False,STATUS_SCHEDULED,"Sun, December 27th at 1:00 PM EST",False,Hard Rock Stadium,,,7.0,44.5,,,espn_site_scoreboard,2026-05-31T12:34:30.578302+00:00
2026,2,REG,16,16,2026_16_NE_NYJ,401873151,2026-12-27,2026-12-27,18:00Z,2026-12-27T18:00:00Z,2026-12-27T18:00:00Z,NYJ,NE,New York Jets,New England Patriots,,,False,STATUS_SCHEDULED,"Sun, December 27th at 1:00 PM EST",False,MetLife Stadium,,,6.5,41.5,,,espn_site_scoreboard,2026-05-31T12:34:30.578302+00:00
2026,2,REG,16,16,2026_16_TEN_LV,401873152,2026-12-27,2026-12-27,21:05Z,2026-12-27T21:05:00Z,2026-12-27T21:05:00Z,LV,TEN,Las Vegas Raiders,Tennessee Titans,,,False,STATUS_SCHEDULED,"Sun, December 27th at 4:05 PM EST",False,Allegiant Stadium,,,-1.5,42.5,,,espn_site_scoreboard,2026-05-31T12:34:30.578302+00:00
2026,2,REG,16,16,2026_16_SF_KC,401873153,2026-12-27,2026-12-27,21:25Z,2026-12-27T21:25:00Z,2026-12-27T21:25:00Z,KC,SF,Kansas City Chiefs,San Francisco 49ers,,,False,STATUS_SCHEDULED,"Sun, December 27th at 4:25 PM EST",False,GEHA Field at Arrowhead Stadium,,,-2.5,46.5,,,espn_site_scoreboard,2026-05-31T12:34:30.578302+00:00
2026,2,REG,16,16,2026_16_JAX_DAL,401873154,2026-12-28,2026-12-28,01:20Z,2026-12-28T01:20:00Z,2026-12-28T01:20:00Z,DAL,JAX,Dallas Cowboys,Jacksonville Jaguars,,,False,STATUS_SCHEDULED,"Sun, December 27th at 8:20 PM EST",False,AT&T Stadium,,,-2.5,51.5,,,espn_site_scoreboard,2026-05-31T12:34:30.578302+00:00
2026,2,REG,16,16,2026_16_NYG_DET,401873155,2026-12-29,2026-12-29,01:15Z,2026-12-29T01:15:00Z,2026-12-29T01:15:00Z,DET,NYG,Detroit Lions,New York Giants,,,False,STATUS_SCHEDULED,"Mon, December 28th at 8:15 PM EST",False,Ford Field,,,-5.5,48.5,,,espn_site_scoreboard,2026-05-31T12:34:30.578302+00:00
2026,2,REG,17,17,2026_17_BAL_CIN,401873156,2027-01-01,2027-01-01,01:15Z,2027-01-01T01:15:00Z,2027-01-01T01:15:00Z,CIN,BAL,Cincinnati Bengals,Baltimore Ravens,,,False,STATUS_SCHEDULED,"Thu, December 31st at 8:15 PM EST",False,Paycor Stadium,,,-2.5,51.5,,,espn_site_scoreboard,2026-05-31T12:34:31.332574+00:00
2026,2,REG,17,17,2026_17_DEN_NE,401873157,2027-01-03,2027-01-03,05:00Z,2027-01-03T05:00:00Z,2027-01-03T05:00:00Z,NE,DEN,New England Patriots,Denver Broncos,,,False,STATUS_SCHEDULED,1/3 - TBD,False,Gillette Stadium,,,-2.5,42.5,,,espn_site_scoreboard,2026-05-31T12:34:31.333576+00:00
2026,2,REG,17,17,2026_17_KC_LAC,401873158,2027-01-03,2027-01-03,05:00Z,2027-01-03T05:00:00Z,2027-01-03T05:00:00Z,LAC,KC,Los Angeles Chargers,Kansas City Chiefs,,,False,STATUS_SCHEDULED,1/3 - TBD,False,SoFi Stadium,,,-1.5,45.5,,,espn_site_scoreboard,2026-05-31T12:34:31.333576+00:00
2026,2,REG,17,17,2026_17_LAR_TB,401873159,2027-01-03,2027-01-03,05:00Z,2027-01-03T05:00:00Z,2027-01-03T05:00:00Z,TB,LAR,Tampa Bay Buccaneers,Los Angeles Rams,,,False,STATUS_SCHEDULED,1/3 - TBD,False,Raymond James Stadium,,,3.5,48.5,,,espn_site_scoreboard,2026-05-31T12:34:31.333576+00:00
2026,2,REG,17,17,2026_17_WAS_JAX,401873160,2027-01-03,2027-01-03,05:00Z,2027-01-03T05:00:00Z,2027-01-03T05:00:00Z,JAX,WAS,Jacksonville Jaguars,Washington Commanders,,,False,STATUS_SCHEDULED,1/3 - TBD,False,EverBank Stadium,,,-3.5,48.5,,,espn_site_scoreboard,2026-05-31T12:34:31.333576+00:00
2026,2,REG,17,17,2026_17_BUF_MIA,401873161,2027-01-03,2027-01-03,18:00Z,2027-01-03T18:00:00Z,2027-01-03T18:00:00Z,MIA,BUF,Miami Dolphins,Buffalo Bills,,,False,STATUS_SCHEDULED,"Sun, January 3rd at 1:00 PM EST",False,Hard Rock Stadium,,,7.5,47.5,,,espn_site_scoreboard,2026-05-31T12:34:31.333576+00:00
2026,2,REG,17,17,2026_17_IND_CLE,401873162,2027-01-03,2027-01-03,18:00Z,2027-01-03T18:00:00Z,2027-01-03T18:00:00Z,CLE,IND,Cleveland Browns,Indianapolis Colts,,,False,STATUS_SCHEDULED,"Sun, January 3rd at 1:00 PM EST",False,Huntington Bank Field,,,1.5,43.5,,,espn_site_scoreboard,2026-05-31T12:34:31.333576+00:00
2026,2,REG,17,17,2026_17_MIN_NYJ,401873163,2027-01-03,2027-01-03,18:00Z,2027-01-03T18:00:00Z,2027-01-03T18:00:00Z,NYJ,MIN,New York Jets,Minnesota Vikings,,,False,STATUS_SCHEDULED,"Sun, January 3rd at 1:00 PM EST",False,MetLife Stadium,,,3.5,40.5,,,espn_site_scoreboard,2026-05-31T12:34:31.333576+00:00
2026,2,REG,17,17,2026_17_NO_ATL,401873164,2027-01-03,2027-01-03,18:00Z,2027-01-03T18:00:00Z,2027-01-03T18:00:00Z,ATL,NO,Atlanta Falcons,New Orleans Saints,,,False,STATUS_SCHEDULED,"Sun, January 3rd at 1:00 PM EST",False,Mercedes-Benz Stadium,,,-1.5,44.5,,,espn_site_scoreboard,2026-05-31T12:34:31.333576+00:00
2026,2,REG,17,17,2026_17_NYG_DAL,401873165,2027-01-03,2027-01-03,18:00Z,2027-01-03T18:00:00Z,2027-01-03T18:00:00Z,DAL,NYG,Dallas Cowboys,New York Giants,,,False,STATUS_SCHEDULED,"Sun, January 3rd at 1:00 PM EST",False,AT&T Stadium,,,-4.5,49.5,,,espn_site_scoreboard,2026-05-31T12:34:31.333576+00:00
2026,2,REG,17,17,2026_17_PIT_TEN,401873166,2027-01-03,2027-01-03,18:00Z,2027-01-03T18:00:00Z,2027-01-03T18:00:00Z,TEN,PIT,Tennessee Titans,Pittsburgh Steelers,,,False,STATUS_SCHEDULED,"Sun, January 3rd at 1:00 PM EST",False,Nissan Stadium,,,1.5,42.5,,,espn_site_scoreboard,2026-05-31T12:34:31.333576+00:00
2026,2,REG,17,17,2026_17_SEA_CAR,401873167,2027-01-03,2027-01-03,18:00Z,2027-01-03T18:00:00Z,2027-01-03T18:00:00Z,CAR,SEA,Carolina Panthers,Seattle Seahawks,,,False,STATUS_SCHEDULED,"Sun, January 3rd at 1:00 PM EST",False,Bank of America Stadium,,,5.5,42.5,,,espn_site_scoreboard,2026-05-31T12:34:31.333576+00:00
2026,2,REG,17,17,2026_17_LV_ARI,401873168,2027-01-03,2027-01-03,21:05Z,2027-01-03T21:05:00Z,2027-01-03T21:05:00Z,ARI,LV,Arizona Cardinals,Las Vegas Raiders,,,False,STATUS_SCHEDULED,"Sun, January 3rd at 4:05 PM EST",False,State Farm Stadium,,,1.5,42.5,,,espn_site_scoreboard,2026-05-31T12:34:31.333576+00:00
2026,2,REG,17,17,2026_17_DET_CHI,401873169,2027-01-03,2027-01-03,21:25Z,2027-01-03T21:25:00Z,2027-01-03T21:25:00Z,CHI,DET,Chicago Bears,Detroit Lions,,,False,STATUS_SCHEDULED,"Sun, January 3rd at 4:25 PM EST",False,Soldier Field,,,-1.5,49.5,,,espn_site_scoreboard,2026-05-31T12:34:31.333576+00:00
2026,2,REG,17,17,2026_17_PHI_SF,401873170,2027-01-04,2027-01-04,01:20Z,2027-01-04T01:20:00Z,2027-01-04T01:20:00Z,SF,PHI,San Francisco 49ers,Philadelphia Eagles,,,False,STATUS_SCHEDULED,"Sun, January 3rd at 8:20 PM EST",False,Levi's Stadium,,,-1.5,45.5,,,espn_site_scoreboard,2026-05-31T12:34:31.333576+00:00
2026,2,REG,17,17,2026_17_HOU_GB,401873171,2027-01-05,2027-01-05,01:15Z,2027-01-05T01:15:00Z,2027-01-05T01:15:00Z,GB,HOU,Green Bay Packers,Houston Texans,,,False,STATUS_SCHEDULED,"Mon, January 4th at 8:15 PM EST",False,Lambeau Field,,,-2.5,42.5,,,espn_site_scoreboard,2026-05-31T12:34:31.333576+00:00
2026,2,REG,18,18,2026_18_ATL_CAR,401873172,2027-01-10,2027-01-10,05:00Z,2027-01-10T05:00:00Z,2027-01-10T05:00:00Z,CAR,ATL,Carolina Panthers,Atlanta Falcons,,,False,STATUS_SCHEDULED,1/10 - TBD,False,Bank of America Stadium,,,-2.5,41.5,,,espn_site_scoreboard,2026-05-31T12:34:32.180614+00:00
2026,2,REG,18,18,2026_18_CHI_MIN,401873173,2027-01-10,2027-01-10,05:00Z,2027-01-10T05:00:00Z,2027-01-10T05:00:00Z,MIN,CHI,Minnesota Vikings,Chicago Bears,,,False,STATUS_SCHEDULED,1/10 - TBD,False,U.S. Bank Stadium,,,-1.5,43.5,,,espn_site_scoreboard,2026-05-31T12:34:32.180059+00:00
2026,2,REG,18,18,2026_18_CLE_CIN,401873174,2027-01-10,2027-01-10,05:00Z,2027-01-10T05:00:00Z,2027-01-10T05:00:00Z,CIN,CLE,Cincinnati Bengals,Cleveland Browns,,,False,STATUS_SCHEDULED,1/10 - TBD,False,Paycor Stadium,,,-7.5,43.5,,,espn_site_scoreboard,2026-05-31T12:34:32.180059+00:00
2026,2,REG,18,18,2026_18_DAL_WAS,401873175,2027-01-10,2027-01-10,05:00Z,2027-01-10T05:00:00Z,2027-01-10T05:00:00Z,WAS,DAL,Washington Commanders,Dallas Cowboys,,,False,STATUS_SCHEDULED,1/10 - TBD,False,Northwest Stadium,,,1.5,49.5,,,espn_site_scoreboard,2026-05-31T12:34:32.180614+00:00
2026,2,REG,18,18,2026_18_DET_GB,401873176,2027-01-10,2027-01-10,05:00Z,2027-01-10T05:00:00Z,2027-01-10T05:00:00Z,GB,DET,Green Bay Packers,Detroit Lions,,,False,STATUS_SCHEDULED,1/10 - TBD,False,Lambeau Field,,,-2.5,47.5,,,espn_site_scoreboard,2026-05-31T12:34:32.180059+00:00
2026,2,REG,18,18,2026_18_JAX_IND,401873177,2027-01-10,2027-01-10,05:00Z,2027-01-10T05:00:00Z,2027-01-10T05:00:00Z,IND,JAX,Indianapolis Colts,Jacksonville Jaguars,,,False,STATUS_SCHEDULED,1/10 - TBD,False,Lucas Oil Stadium,,,-1.5,46.5,,,espn_site_scoreboard,2026-05-31T12:34:32.180059+00:00
2026,2,REG,18,18,2026_18_LAC_DEN,401873179,2027-01-10,2027-01-10,05:00Z,2027-01-10T05:00:00Z,2027-01-10T05:00:00Z,DEN,LAC,Denver Broncos,Los Angeles Chargers,,,False,STATUS_SCHEDULED,1/10 - TBD,False,Empower Field at Mile High,,,-1.5,41.5,,,espn_site_scoreboard,2026-05-31T12:34:32.180059+00:00
2026,2,REG,18,18,2026_18_LV_KC,401873178,2027-01-10,2027-01-10,05:00Z,2027-01-10T05:00:00Z,2027-01-10T05:00:00Z,KC,LV,Kansas City Chiefs,Las Vegas Raiders,,,False,STATUS_SCHEDULED,1/10 - TBD,False,GEHA Field at Arrowhead Stadium,,,-8.5,40.5,,,espn_site_scoreboard,2026-05-31T12:34:32.180059+00:00
2026,2,REG,18,18,2026_18_MIA_NE,401873180,2027-01-10,2027-01-10,05:00Z,2027-01-10T05:00:00Z,2027-01-10T05:00:00Z,NE,MIA,New England Patriots,Miami Dolphins,,,False,STATUS_SCHEDULED,1/10 - TBD,False,Gillette Stadium,,,-10.5,42.5,,,espn_site_scoreboard,2026-05-31T12:34:32.180059+00:00
2026,2,REG,18,18,2026_18_NYJ_BUF,401873181,2027-01-10,2027-01-10,05:00Z,2027-01-10T05:00:00Z,2027-01-10T05:00:00Z,BUF,NYJ,Buffalo Bills,New York Jets,,,False,STATUS_SCHEDULED,1/10 - TBD,False,Highmark Stadium,,,-10.0,43.5,,,espn_site_scoreboard,2026-05-31T12:34:32.180059+00:00
2026,2,REG,18,18,2026_18_PHI_NYG,401873182,2027-01-10,2027-01-10,05:00Z,2027-01-10T05:00:00Z,2027-01-10T05:00:00Z,NYG,PHI,New York Giants,Philadelphia Eagles,,,False,STATUS_SCHEDULED,1/10 - TBD,False,MetLife Stadium,,,3.0,41.5,,,espn_site_scoreboard,2026-05-31T12:34:32.180614+00:00
2026,2,REG,18,18,2026_18_PIT_BAL,401873183,2027-01-10,2027-01-10,05:00Z,2027-01-10T05:00:00Z,2027-01-10T05:00:00Z,BAL,PIT,Baltimore Ravens,Pittsburgh Steelers,,,False,STATUS_SCHEDULED,1/10 - TBD,False,M&T Bank Stadium,,,-5.5,43.5,,,espn_site_scoreboard,2026-05-31T12:34:32.180614+00:00
2026,2,REG,18,18,2026_18_SEA_LAR,401873185,2027-01-10,2027-01-10,05:00Z,2027-01-10T05:00:00Z,2027-01-10T05:00:00Z,LAR,SEA,Los Angeles Rams,Seattle Seahawks,,,False,STATUS_SCHEDULED,1/10 - TBD,False,SoFi Stadium,,,-2.5,45.5,,,espn_site_scoreboard,2026-05-31T12:34:32.180059+00:00
2026,2,REG,18,18,2026_18_SF_ARI,401873184,2027-01-10,2027-01-10,05:00Z,2027-01-10T05:00:00Z,2027-01-10T05:00:00Z,ARI,SF,Arizona Cardinals,San Francisco 49ers,,,False,STATUS_SCHEDULED,1/10 - TBD,False,State Farm Stadium,,,8.5,46.5,,,espn_site_scoreboard,2026-05-31T12:34:32.180614+00:00
2026,2,REG,18,18,2026_18_TB_NO,401873186,2027-01-10,2027-01-10,05:00Z,2027-01-10T05:00:00Z,2027-01-10T05:00:00Z,NO,TB,New Orleans Saints,Tampa Bay Buccaneers,,,False,STATUS_SCHEDULED,1/10 - TBD,False,Caesars Superdome,,,1.5,43.5,,,espn_site_scoreboard,2026-05-31T12:34:32.180576+00:00
2026,2,REG,18,18,2026_18_TEN_HOU,401873187,2027-01-10,2027-01-10,05:00Z,2027-01-10T05:00:00Z,2027-01-10T05:00:00Z,HOU,TEN,Houston Texans,Tennessee Titans,,,False,STATUS_SCHEDULED,1/10 - TBD,False,NRG Stadium,,,-7.0,39.5,,,espn_site_scoreboard,2026-05-31T12:34:32.180614+00:00
